Generation,Individual
1,"[4.34948771215955, -1.9402338553169811, -0.27667088998296774, 5.568501352493756, -0.8150889984316527, -0.6685394106835778, 3.869168151640034, 5.409424097559589, 3.8633197597078928, -0.5218383576157124, 3.416465643092538, -1.8173036670814475, 5.636978493943013, -1.5841157733122906, 5.728331927226663, 5.663569906824073, -0.16422043687796184, 4.869306464737914, 3.121356590525981, 6.461143148482292, 4.674219627877639, 4.875695300917904, 4.850193660001556, -1.7079910723961138, 7.229202892208466, -0.36317616863961466, 7.7246526564575495, 2.4509797345151485, 5.802838793366323, 6.371973379518507, 5.0039344289446905, -0.1928866956650479, 2.8413940769214836, 2.9238184797397646, 5.610419920200856, 4.8543980825109365, 4.210170493071944, 3.5357905431219367, -0.4617268519979749, -0.6089439393266554, 3.2200838856374236, -0.6138487391537146, 2.340639977923452, 6.760832815075265, 3.1354893487125595, 0.19102896334579356, -0.8659658010743181, 0.17716334200013573, -0.5567093001608296, 4.386256233696116, 4.775334062635864, 2.4986647808082973, -0.3981738716920995, 6.3589228115172505, -0.8018189877866493, -0.08935302514495413, -1.441158901769312, 4.1665001551455445, 5.81792044228521, 6.057240918937488, 0.3667798426411144, -0.4807332647660514, 6.59481177004935, 4.349948611299057, 4.258634925850613, 7.503529658981496, 5.988727094196866, 5.459183315405979, 7.424333303081799, 6.985638669988383, 7.709389264142519, 6.570041419024128, 7.592531853571383, 4.029181900121451, -1.0769641504229086, 7.745476622483089, 6.995669086746589, -0.6060997208975831, 5.392236375803254, -1.7174187247388772, 5.230470971829618, 5.302461750132516, 4.920737163511341, -0.5342192503378578, -0.5677675649370633, -0.5806137321570652, 5.434318567152083, -0.6701506525412608, -0.39637006419885923, 4.798066861000399, 5.492304801901229, -1.9658268301360209, 3.318010152328947, -0.8249315073083279, -1.9312611008580698, 4.727098269829554, 3.2177491676102132, 5.544605154592917, 3.199451263219319, -0.2524199281429822]"
2,"[-0.9095934164086819, 5.49178825342967, 0.19488544852951106, 6.340351903255736, -0.0660576473001937, 0.5700143845928891, -1.5557589606793853, 0.3636944643953093, 6.431212610558514, -0.8468345096894985, 5.201725967446387, -1.9633646281944044, -0.38917246497978275, -1.713204226976535, 4.856436368285998, 5.279467169055295, 5.177038280721513, -0.14426142241479312, 5.177218720340136, 5.407761203308706, -1.0687196790745273, -1.7273421723962616, 5.937124364306892, -0.9259256644843943, -0.634988610377651, 4.444937647514406, 3.0200827540606023, 6.481466156235927, -0.38777028534065106, -1.0480198635554867, 1.3467974670518619, 0.699248743311844, 0.12177000762713686, -0.6677550883616528, 6.920167183628937, 4.846632410403893, 4.204786500044898, 4.65883224979797, 5.332041781063811, -1.5737025048906987, -0.7716948981474319, -1.2127571847138234, 5.911550872914688, 4.821890558631331, 0.1993446458781689, -1.3095438668396484, 3.696136798822815, 5.249214199810598, 4.991634287525388, 2.5463019241184135, 3.5631779851071874, -1.6969269896357018, 6.384425539098768, 6.2471921014488165, 0.6295550564319703, 4.418230352601476, 5.4202326135368075, 5.329200490430936, -1.0089183978777343, -1.8324269325716842, -0.36304062895841804, -1.4706831127678648, 5.664688870692526, 7.129412585057456, 5.242553598486645, 0.3416868406789366, 7.434997911629042, 0.6524547494443484, 5.364513166570789, 6.536185397580891, -0.7757383619654192, 4.875494835340422, -1.0907070704234967, 4.794510448072552, -1.9882243648103695, -1.1870952268965558, 0.33129210280189325, -0.5891281634701712, -1.914405234058291, 6.502343923690781, 5.230470971829618, 5.0039344289446905, 5.302461750132516, 4.920737163511341, 5.392236375803254, 4.875695300917904, 5.409424097559589, -0.5567093001608296, 4.869306464737914, -0.5342192503378578, -0.5677675649370633, -0.5218383576157124, -0.5806137321570652, -0.6060997208975831, -0.6089439393266554, -0.6138487391537146, -0.4807332647660514, 4.8543980825109365, -0.4617268519979749, 4.850193660001556]"
3,"[5.1298775807811285, 4.839955585279661, -0.7844577264994494, 5.243125959483779, -0.7129797273336607, 6.446890819002115, 5.074107575287616, -1.648259902406332, -1.0537608993990002, -1.9872432674078104, 5.220091220558645, 4.196504786911913, 4.830256882834204, 5.45868261873076, 4.550763249424542, 5.330357902462761, 5.040975061975387, -0.8405676806189195, 5.373244604207493, -0.5402114958486617, 1.155358043411748, -0.9782847361100306, 4.719114359578031, -1.6704413709013464, 4.718599771816698, -1.9954873089625083, -1.2614067029922016, -1.5348816479754572, 5.253958159954465, 5.609202704411894, 5.134891921721964, 4.624860925495275, -0.458046151402855, -0.5031465412734075, -1.5357300584725286, 4.508679600468485, 4.314615651282335, -1.4427008089494404, -1.7479681987519793, 0.6315796222245834, 5.468009807094259, 5.4541228139781115, 5.537129811754911, 5.600933160404457, 4.968860527354817, 4.680382387103895, -1.2903316546412662, 6.777896310413665, 6.397280750574388, -0.753462048504598, 5.601062274864219, 6.398172821046051, 5.387928429700901, -0.07588038524040908, -0.8200065954161633, 5.943288309890346, 4.679386375161549, -0.14413363360993436, -0.9934563767332398, 5.848997405790694, -0.9414473328836583, 3.203655356607042, 4.778985402124186, -0.8000277988570821, -0.8284399951204527, -0.5474713763294706, 4.359657517404697, 5.1124448270736575, 1.2895721791175858, 4.975832298517194, -1.9431657631858716, -0.6819882510400515, -1.879023623516896, 6.158415282553768, -0.6581372755085151, -0.9354877410189137, -1.169720320770941, 4.9598887983383895, 0.7566667085398179, -0.5365060873249926, 5.177038280721513, 5.177218720340136, 5.201725967446387, 5.230470971829618, 5.242553598486645, 5.249214199810598, 5.279467169055295, 5.0039344289446905, 4.991634287525388, 5.302461750132516, 5.329200490430936, 5.332041781063811, 5.364513166570789, 4.920737163511341, 5.392236375803254, 4.875695300917904, 4.875494835340422, 5.407761203308706, 5.409424097559589, -0.5567093001608296]"
4,"[6.822015479731004, 4.7682549325057275, 7.102420161892415, 4.07826368323093, 3.767749431019813, 5.156505500030624, 4.167164016806845, -1.0958228564774493, 4.956592651590203, -0.8745431977771294, 5.307694549524316, 5.278643205299279, 5.895149927891505, -0.9165758765189365, 5.55074345750834, 6.028601063604173, -0.5769440224154431, -0.642197965536097, 5.433778522252652, 5.809388551063941, -1.5857986371584791, 5.591278590311433, 2.2216400077611, -1.3292048300483221, 4.600433125816675, 5.887493065749702, 5.507716809431994, -0.707357965055408, 5.877888253534294, 5.928151748813878, 5.042215197184607, 0.7466139094000963, 4.8392018207392375, 4.82657966327554, 5.2970846762627435, 6.941375282075942, 5.38976767063597, 5.19367919120036, 5.13087295830263, 6.360029199662598, 5.638450569333793, 4.509204091684349, 4.972432819725097, 5.871899446159675, 5.2856695339154145, -1.4108760275449599, -1.9956728203141054, 5.645087439710549, 4.80808386590641, 5.2196117612704835, 5.798180153406736, 6.1785687835545176, 5.2563072177983825, 6.599101360090883, 4.682858319450554, 4.984917851411171, 4.75819472768376, -1.7729317441284604, 3.208961014288957, 5.038299281991559, 4.040972790507465, 4.299729048604841, -0.6137567507077581, 4.6478507553035575, 5.369698364069602, -0.1721558107097647, 4.319669628554455, 0.8064794189622955, 6.6643630319739735, 5.383748533797194, 5.571508598025054, 5.445355912006196, -1.4906363946349752, -1.2937003168809946, 4.948438844134534, 6.093238820017232, 3.7864487178667527, 7.496328682524678, 5.640014720276956, 4.87203648817294, 5.134891921721964, 5.1298775807811285, 5.177038280721513, 5.177218720340136, 5.1124448270736575, 5.201725967446387, 5.074107575287616, 5.220091220558645, 5.230470971829618, 5.242553598486645, 5.243125959483779, 5.040975061975387, 5.249214199810598, 5.253958159954465, 5.279467169055295, 5.0039344289446905, 4.991634287525388, 5.302461750132516, 4.975832298517194, 4.968860527354817]"
5,"[5.428025522261474, 4.119611461748579, -0.46206076146258357, 5.024222861894367, 4.603582731257872, 4.749122431534911, 4.80175441540071, 5.872353656690838, 5.6795464917472325, 0.09381324920094314, 5.010283780358887, -1.8929466148152323, 5.092874044716442, -1.97288556309456, 5.288834285184344, -1.0941528545475439, 5.60534037250523, 4.751281533131667, 4.302082344841907, 4.941586700321546, 5.890933879571978, 5.091900241082566, 5.292568631576853, 5.246850033522906, 3.790269325755489, 5.013193519310934, 5.705761136465567, 4.88924049678194, -1.619007115568102, 5.414053863424703, 5.07962154586003, 5.417380098494809, 6.95258916132961, 5.760368261457305, 4.713725357122156, 6.328645901953768, 4.819575890053718, 5.145824087872295, 5.17055600622632, 5.039535890193692, 7.279162404985243, 5.39384315464104, 4.742728838795729, 3.0826407964155003, 5.047606849036532, 5.451410358160546, 5.6423307110419145, 4.7483641830115655, 5.268765660005545, -1.0869170220455133, 5.799074699001027, 4.132816187423487, -1.157394647954492, 5.836983890179056, -1.2483042511878515, 5.527369703670754, 3.901855645944563, 5.318745468255061, 4.8906267273036805, 6.541012291412608, 6.437168727924261, 6.004163665618764, -0.7325502390984162, 5.284326560823438, 4.916786638023603, 3.8494217485938647, 5.70747888773313, 5.073607931861041, 5.663990823308897, -0.8036624485856887, 4.069974155561054, 5.0669940020625726, 5.337516216869929, 5.181121360039666, 5.579044418019414, 5.965879804964048, 5.540454972363744, 5.203885429156802, 4.724951257643577, 5.482207842332436, 5.156505500030624, 5.134891921721964, 5.13087295830263, 5.1298775807811285, 5.177038280721513, 5.177218720340136, 5.1124448270736575, 5.19367919120036, 5.201725967446387, 5.074107575287616, 5.2196117612704835, 5.220091220558645, 5.230470971829618, 5.242553598486645, 5.243125959483779, 5.042215197184607, 5.040975061975387, 5.249214199810598, 5.038299281991559, 5.253958159954465]"
6,"[5.561062040078628, 5.53002100405946, 4.622308955380904, 5.646810488512887, -0.42290388338157525, 4.930199051146806, 0.6346965967969631, 5.266749290639482, 5.152172066168404, 5.065991448642409, 4.462352286327217, 5.504665324553654, 5.394969672502635, 4.006102622848842, 4.527337024087725, 5.230464845008089, 5.332655615071234, 4.707862675855223, 4.632413451874137, 4.369440669414038, 4.882125024610665, 5.554956609214876, 4.340808411784282, 5.999793243054697, 5.104157098840645, 7.640688733961214, 5.228229240038788, 4.7622003592186335, 5.264235858516704, 5.444192591297734, 4.95682205631239, 4.447916511624888, 4.655495036020945, 4.945193194959151, 4.81855454937837, 5.300582889348837, 4.4525246849428015, 4.515139440890745, 5.510409013171083, -0.477417959754199, 5.0626254948721225, 4.1975688698458775, 5.785812220091263, 3.9607233816980676, 4.2093867943394185, 4.936615171518208, 4.961407152166871, 2.704040348916072, 5.377324902640941, 5.763076554454395, 5.16211389993765, 5.221476821655354, 4.528632334313364, 5.424307280100407, 4.375745548846781, 5.087478024557863, 5.9697514671795355, 5.542225280352047, -1.6257163888246944, 5.9813748126281725, 5.947420169078221, 5.377509625682581, 4.090805014637312, 5.763253097150901, 4.743162523302431, 5.146096539077341, 5.298900182773207, 5.794859331569951, 5.03950701132688, 5.859048388480234, 5.066881681671949, -1.5168937668941613, 4.77083357634464, 4.962404190679838, -0.66397659983251, 5.038158377802874, 4.902745967565008, 4.6513456357949465, 5.23285355912318, 4.535959443072021, 5.145824087872295, 5.156505500030624, 5.134891921721964, 5.13087295830263, 5.1298775807811285, 5.17055600622632, 5.177038280721513, 5.177218720340136, 5.1124448270736575, 5.181121360039666, 5.19367919120036, 5.092874044716442, 5.091900241082566, 5.201725967446387, 5.203885429156802, 5.07962154586003, 5.074107575287616, 5.073607931861041, 5.2196117612704835, 5.220091220558645]"
7,"[-1.7828297692403212, 4.699871298992521, 5.3820553983343435, -0.6478247763599567, 4.841820817947347, 4.887229460910003, 5.121915710643214, 5.0608045230596685, 4.422205863091634, 7.177567833083757, 4.886956458521117, 5.368078631140319, 5.456136891129846, 4.922831493509432, 4.6021639294876975, 4.569553143037219, 5.410022056216481, 6.072260136613998, 4.602091815531068, 3.8252820592069656, 5.423059719128591, 7.218851007077257, 5.9420219240788015, 4.091113562757785, 5.614899346732335, 5.785229414085102, 4.803929769018919, 4.603450386201448, 5.481048015095567, 4.3620655506701125, 5.217572305641127, 5.295762800383253, 3.7700071561893944, 5.060346717424851, 4.666883150070048, 4.98879973328847, 4.897078807585953, 5.0528490764949225, 4.8434712045072885, 4.375737081172345, 6.007763197531545, 5.154163951094372, 5.581065085679722, 4.540139946402122, 5.421382428432926, 3.5085205135301063, 5.558082385595409, 5.289979642220076, 4.989574555492822, 5.383097962626628, 5.584614969971086, 4.288808922369784, 5.691829812817601, 4.084054654951629, 3.628232592798926, 5.301352406318871, 6.36704217582344, 5.5558322500665, 4.71209553783259, 5.0287374245402106, 6.093744152526213, 5.609925698072093, 5.610995818575914, 6.47190841899975, -0.6799300819797662, 5.1618879691680135, 5.317762737646285, 6.283439959219651, 5.537582038007662, 5.675685331184083, 5.390922339438404, 5.255839103663467, 4.9854132246861305, 5.088552351812803, 6.483809483742112, 4.941393702350679, 6.058551117379304, 4.286115823142984, 4.340781210657366, 5.100935688751361, 5.145824087872295, 5.146096539077341, 5.152172066168404, 5.156505500030624, 5.134891921721964, 5.13087295830263, 5.1298775807811285, 5.16211389993765, 5.17055600622632, 5.177038280721513, 5.177218720340136, 5.1124448270736575, 5.181121360039666, 5.104157098840645, 5.19367919120036, 5.092874044716442, 5.091900241082566, 5.201725967446387, 5.087478024557863, 5.203885429156802]"
8,"[4.923438802912769, 5.5764493024732324, 5.235499407881793, 5.108111917564875, 5.306250426854255, 4.8809555672842535, 4.911621475806391, 5.215041051741241, 5.479219203851894, 5.21758291843828, 5.7811926119429815, 6.068475655237612, 4.730822933192774, 4.645094346804597, 5.440043522209805, 3.9456073629316157, 4.875418272710961, 5.711652421362451, 4.781639758766865, 5.0354582565014825, 4.278140012392846, 5.318257053832275, 5.288961527969836, 6.208377861084597, 4.648066220725364, 5.911792624216093, 5.607487178230956, -0.20123380416201586, 5.0468647614966775, 5.091457101132631, -0.4593799413108963, 6.616135235617996, 5.009396488050088, 4.951118137791288, 4.928257794894698, 5.612245921410684, 4.267913648106319, 5.087860419695151, 5.671830675949701, 5.394924119749225, 4.530623190368478, 4.025555327464254, 6.4785090971857375, 6.376818109840106, 6.2986274207784945, 6.051200314165956, 5.056454019907337, 5.9504804956533, 5.920644247045107, 4.681616380036784, 3.6080837304937408, 5.3255636873963645, 6.5468506573341045, 5.1999668802160315, 4.763436277555557, 5.81877108096302, 4.910621370231391, 5.283798724833646, 4.958169689838277, 5.705193046880756, 6.013419805162039, 4.5872361356118985, 5.90090080656349, 4.014299244681174, 5.092853931442533, 4.333481244286599, 5.31148251050617, 5.282436247236921, 5.132761082826169, 5.633432816378495, 5.251073885575306, 5.942990541313633, -0.5554657808852221, 5.109714545017179, 5.185487086073958, 4.163286370901505, 5.352300710441841, 3.0714025337471185, 4.473356266186451, 5.098154617984325, 5.145824087872295, 5.146096539077341, 5.152172066168404, 5.154163951094372, 5.156505500030624, 5.134891921721964, 5.13087295830263, 5.1298775807811285, 5.1618879691680135, 5.16211389993765, 5.121915710643214, 5.17055600622632, 5.177038280721513, 5.177218720340136, 5.1124448270736575, 5.181121360039666, 5.104157098840645, 5.100935688751361, 5.19367919120036, 5.092874044716442]"
9,"[6.707337709301282, 6.215751345698729, 4.866269586058589, 4.943144360135038, 4.738076403769185, 6.099907594022268, 6.18012136364401, 4.304570164021069, 4.972292507157116, 4.987124983943221, 5.562480526039094, 4.885293860940333, 5.330276314000738, 5.397841708633677, 4.410891660565771, 4.5908287517264545, 5.087871723770556, 4.04026559833482, 7.024030670155785, 4.440172881067435, 5.410190572261757, 4.664058717470752, 5.733145021728218, 5.165938530291286, 4.338379924325605, 6.447463451989931, 5.32033598005437, 4.34925894061457, 5.829634940855612, 5.203189617200948, 5.531928224763899, 4.1611450712014495, 4.717649111254437, 5.387747336275056, 5.156159148998444, 5.377854687138137, 4.625401213604223, 5.413215341940555, 3.1477628325232065, 5.087596054632025, 4.680593837045921, 4.955930651094356, -0.8356386059326288, 5.48167477672603, 5.021242494633601, 5.578983185394476, 5.140521769907152, 4.214374715289275, 3.6514348155841914, 5.465465984042227, 3.8911810792229318, 4.881150183292297, 5.341677590257029, 4.070872326953892, 5.541197991962228, 4.887063159779058, 4.142241319301227, -0.9343342114102475, 4.4109059017440675, 4.29623192553171, 5.679281210756777, 4.630657718323388, 6.7040133007777225, 4.602129479796744, 4.831729944554091, 5.574188675813524, 4.933318618189182, 6.798536410138173, 4.406084910715661, 5.680487015929501, 3.6635698865028132, 4.916500245242314, 3.2051438199141895, -0.031501840293483685, 3.0739671208076995, 5.296699834968045, 5.484903848789043, 4.893914936919958, 5.360901768364036, 5.168274795602812, 5.145824087872295, 5.146096539077341, 5.152172066168404, 5.154163951094372, 5.156505500030624, 5.134891921721964, 5.132761082826169, 5.13087295830263, 5.1298775807811285, 5.1618879691680135, 5.16211389993765, 5.121915710643214, 5.17055600622632, 5.177038280721513, 5.177218720340136, 5.1124448270736575, 5.181121360039666, 5.109714545017179, 5.108111917564875, 5.185487086073958]"
10,"[5.4204994541478, 5.164816592094644, 4.815205185369297, 4.992343693928392, 5.099478957491293, 4.715010242901372, 5.463633792512709, 5.063193103757527, 5.725381789197555, 0.3389473107238501, 4.712095545421191, 5.192547210139598, 5.621369178998737, 5.459669940967675, 5.5567802165732045, 4.6617190436792235, 5.931537374120696, 5.98120906780451, 5.974572541666192, 5.895706405004164, 5.502957878603807, 5.514685907270209, 4.01749198907587, 4.739823130949965, 4.6260840851339236, 5.3742099058012895, 6.58090785807692, 3.2871912512185792, 3.8153187226336307, 4.816240865673608, 6.537404561074341, 6.40506152055773, 6.300459053892159, 5.125040966425618, 5.4106599566437446, 5.342871996025668, 5.024943272259931, 4.745032001793599, 4.4320271789950745, 4.981231533186725, 4.489954155466786, 5.1309791056438385, 5.026271368761842, 4.788451680325744, 5.22557849656784, 5.602981549225518, 4.2153141143217, 6.405424781448136, 5.27352529868301, 3.4010414484832507, 4.591436701402099, 5.326178103968509, 5.557583000009485, 6.182599564713758, 4.40142654603324, 4.867651231076657, 4.439593887046396, 4.952933075751442, 6.204393684277457, 4.681066645886223, 5.155045043519267, 5.377800807133972, 4.832768856477709, 4.5646854105348424, 4.4217049214648245, 5.042522808482165, 4.231361679277052, 5.690617263024178, 6.0193351779992055, 4.893230112309936, 5.147817566532646, 4.336206981352992, 5.069893436127328, 5.334371368731357, 5.849163402936392, 4.868653261528061, 5.843747508748986, 5.261630257115858, 5.52214637500111, 4.433421247822146, 5.145824087872295, 5.146096539077341, 5.140521769907152, 5.152172066168404, 5.154163951094372, 5.156159148998444, 5.156505500030624, 5.134891921721964, 5.132761082826169, 5.13087295830263, 5.1298775807811285, 5.1618879691680135, 5.16211389993765, 5.165938530291286, 5.168274795602812, 5.121915710643214, 5.17055600622632, 5.177038280721513, 5.177218720340136, 5.1124448270736575]"
11,"[4.989523978185329, 5.188108176532872, 4.827543160394787, 5.234939117640831, 4.397686746224981, 4.906380875833724, 3.622174045344072, 3.146373645984581, 5.213525794445439, 2.817110176728992, 6.16872045431623, 5.705070256600501, 4.530472248919625, 5.79233364698579, 4.553251853477272, 5.495276593047696, 4.878789342876227, 3.0249093508258356, 4.553507429854028, 6.028311549576253, 5.38514273540625, 4.257872137394355, 5.452702232318936, 3.9903880279472523, 4.69664270045253, 4.850209543914559, 4.50989061301883, 4.536418958586865, 3.950130615272095, 4.9088750584116925, 5.302089682746624, 4.570211972524213, 5.081380892186918, 5.382271016256602, 5.421563703579301, 5.471218718572182, 5.620332827148985, 5.072296416256794, 3.922160629182745, 5.027400474796713, 3.926685070070707, 4.2213409792213, 4.372348034618685, 5.242219654377239, 3.891005281460255, 5.583261068747515, 5.278632191482043, 5.457308041210219, 5.075816248014894, 4.84732613337413, 5.981326235928767, 5.042059887815009, 5.102808394153277, 5.486596509354665, 4.2216331569119845, 5.885885462597267, 3.2336549336103357, 4.651134628335389, 4.082651308999246, 3.145817392248398, 4.512558023702351, 5.111529381961509, 4.036097119082006, 4.186528214556885, 5.411731337098358, 3.9928771706761355, 5.6391028125596145, 5.8825800764030305, 6.834762653616547, 4.408577909446614, 5.010046245996735, 3.3860548299158193, 5.288478981510083, 5.1529964429736035, 5.397501671023856, 5.188404865220702, 4.608398977664568, 5.022611742099709, 5.101101632082688, 6.779381054445212, 5.145824087872295, 5.146096539077341, 5.147817566532646, 5.140521769907152, 5.152172066168404, 5.154163951094372, 5.155045043519267, 5.156159148998444, 5.156505500030624, 5.134891921721964, 5.132761082826169, 5.1309791056438385, 5.13087295830263, 5.1298775807811285, 5.1618879691680135, 5.16211389993765, 5.164816592094644, 5.165938530291286, 5.125040966425618, 5.168274795602812]"
12,"[5.017158431111313, 3.9109513403737086, 5.231138974932752, 5.377278719899071, 4.62317705974866, 4.900323943226444, 4.703497137027292, 5.730259093805825, 6.036708538870898, 5.313541137318067, 4.802769237181662, 4.149512119243857, 5.263087566265538, 6.594603569371178, 5.002153945656481, 6.643734537824362, 4.779801271006786, 5.047526697006226, 4.8355146430723766, 7.866034275775753, 3.856293952485536, 3.9245307946542587, 5.38171782259387, 5.07587479737203, 6.58403949514009, 4.649467078493302, 6.53055261867651, 5.295387188153246, 5.355406793115213, 4.883237144385126, 5.771493118585563, 4.769879773139591, 6.6213449844323184, 4.387594686116825, 5.236241692252371, 4.733404086406192, 5.266073624446238, 5.990847388607795, 5.212901923030255, 4.144480229902837, 5.5562380477550875, 4.574841749878688, 3.798675408131288, 5.01699178030367, 3.7682696738580113, 3.8092721218048666, 4.665258970852529, 3.2850234964916254, 5.180749752032894, 2.1800432813425514, 4.758157209614804, 6.8958407618149655, 5.211001106736823, 5.205737910868487, 5.24545016851687, 5.303674531412186, 5.11526398486995, 5.781209706850051, 5.496970562968601, 4.695343999703617, 4.791449884874458, 5.622851598443889, 5.572798066213033, 3.0457665662112454, 4.4296237561053955, 5.9926009922419485, 4.391439948152723, 5.452985111954995, 4.963583766306376, 5.239294700980296, 4.921033831294623, 6.023795209845277, 5.278641866476818, 4.731288010261693, 4.682328422628048, 5.28560808166557, 4.572887730235621, 4.904452433400458, 4.755302367876854, 6.007930403427816, 5.145824087872295, 5.146096539077341, 5.147817566532646, 5.140521769907152, 5.152172066168404, 5.1529964429736035, 5.154163951094372, 5.155045043519267, 5.156159148998444, 5.156505500030624, 5.134891921721964, 5.132761082826169, 5.1309791056438385, 5.13087295830263, 5.1298775807811285, 5.1618879691680135, 5.16211389993765, 5.164816592094644, 5.165938530291286, 5.125040966425618]"
13,"[6.078769821622453, 5.377381141844813, 5.189807923810442, 4.824039583823186, 2.7372962528211175, 5.303693736779758, 5.63599231666314, 2.8927099463671873, 4.102618525543521, 6.37932824582866, 5.335378801236997, 5.061121844352259, 2.634652646966322, 4.280065787109898, 4.849484006996227, 5.376299976230964, 5.744777587513195, 5.371479344837465, 5.377594581359524, 5.445583881091925, 3.5819365091788344, 4.297525491529074, 5.091816162691067, 4.657381945534936, 4.663286398689992, 5.786023651866008, 5.17661445165145, 5.650386104114098, 5.625693433651481, 5.684087834272458, 4.864549941782917, 3.7230572922269216, 4.962085943920418, 6.178581005992551, 5.0562994542125415, 3.9220723429245337, 4.426507445725912, 5.089989523265241, 5.211014180503929, 5.84391969649631, 5.4496126889498, 5.704837983075299, 6.101822363529175, 6.161752321605185, 4.981940288950053, 2.357864971824661, 5.0691513230791365, 5.196003663419733, 4.364513052825066, 5.574456833792538, 5.609286921291991, 6.228329584205968, 5.821856668443556, 5.149609246344301, 2.6865776226275395, 5.163155603312709, 5.755299858566716, 4.928954611046045, 5.260522497312466, 6.708737770998212, 1.8972619313167307, 5.130549004638867, 5.908973540555454, 5.245855977519266, 4.2226088482283926, 4.961645241983357, 4.96232457338148, 5.221046808350854, 5.3112475679409865, 3.7639399718724187, 5.603755481463236, 4.06183637888303, 4.3933875613271836, 4.693016972372421, 5.192698880712487, 5.059965128373436, 4.573561510675812, 6.787735190503754, 4.672719875637194, 5.02280036572016, 5.145824087872295, 5.146096539077341, 5.147817566532646, 5.140521769907152, 5.152172066168404, 5.1529964429736035, 5.154163951094372, 5.155045043519267, 5.156159148998444, 5.156505500030624, 5.134891921721964, 5.132761082826169, 5.1309791056438385, 5.13087295830263, 5.1298775807811285, 5.1618879691680135, 5.16211389993765, 5.164816592094644, 5.165938530291286, 5.125040966425618]"
14,"[5.558278833312483, 4.044668278221878, 5.265162069493389, 5.448154568625876, 5.413611958216599, 3.2075524876746164, 6.1618161488417895, 3.8937892711566247, 4.583716682911516, 5.310789744839368, 5.463784269513431, 4.708839835524591, 4.329183435393106, 6.5592028485357154, 5.305537416888119, 4.66966330538267, 5.1465584977624825, 4.778844812078964, 4.993432538120565, 5.3142412857197865, 5.342931361911372, 5.004760521955943, 4.021726207122196, 2.955816958836582, 5.975118561584444, 5.627221716513087, 4.832686018091983, 3.4060949576521367, 3.8604350014218025, 4.937369273278753, 5.77572399137761, 4.95757015688777, 5.998222266076565, 6.580668411826279, 3.804528819227343, 5.113778488645637, 4.978057070604851, 5.581302131738546, 5.074157560994941, 4.890136568261703, 5.156764431117292, 4.553158655048396, 5.151344085823322, 5.183513217465582, 4.6706894801699645, 3.800725805470433, 3.695171219485389, 6.101752551943971, 4.8569663553933635, 5.328623019702857, 5.316289981645134, 7.062418450415843, 3.960126338172956, 5.209046316738526, 5.255738355750235, 5.436248160131313, 5.498357287796098, 6.986501136062882, 5.098450615063665, 2.8103526198332, 5.338063976279432, 5.770020577311693, 5.448261862042705, 4.617013674786503, 3.4264096746508237, 5.158430637309099, 4.702677735963849, 5.985201596996008, 4.506075503928076, 4.915524270964306, 5.327283270570179, 4.442452856209938, 5.552679977885527, 4.666582606021928, 5.6279678565998585, 5.2483003531845025, 4.85226111795936, 4.529725419815377, 4.566521493515924, 5.013653807129401, 5.145824087872295, 5.146096539077341, 5.147817566532646, 5.149609246344301, 5.140521769907152, 5.152172066168404, 5.1529964429736035, 5.154163951094372, 5.155045043519267, 5.156159148998444, 5.156505500030624, 5.134891921721964, 5.132761082826169, 5.1309791056438385, 5.13087295830263, 5.130549004638867, 5.1298775807811285, 5.1618879691680135, 5.16211389993765, 5.163155603312709]"
15,"[5.113974998073731, 4.611541360273059, 5.199051233897638, 5.138662573252189, 6.1763381145179075, 6.144897715432738, 4.615627605444285, 5.344077104212124, 4.617349892717695, 5.664711467086927, 5.5452193595081205, 4.898841506995383, 4.906777468432094, 5.215239139540813, 5.1524419970751945, 5.551004666759591, 4.366995025694695, 4.944181085717686, 4.074299237109686, 2.7277311024437623, 5.241276203051473, 5.005643979347293, 4.951490913040151, 3.2422777941364638, 5.848764282278872, 3.4801018001185895, 5.649478551147855, 4.692602936982233, 5.29870720592005, 4.960833450566724, 4.275044449825851, 5.0346450442347255, 4.903966453895199, 6.387276125275405, 5.373099472113758, 4.901867668297535, 5.113162417948857, 5.585930487522793, 3.5545699284428833, 4.831862472590774, 6.345036422201834, 5.79545484031774, 6.389308492610491, 6.062736075915632, 5.432135043828613, 5.4410658830759635, 5.86441359323789, 4.63715685890913, 6.073005982765452, 5.879495449398918, 5.213836120436568, 5.395302115994288, 3.650882919234438, 3.284713510526594, 4.383277259055934, 5.2651698850740365, 3.063204040574632, 4.498995044618702, 6.053816718608635, 4.706006293474422, 2.184519220888971, 5.144365651254307, 3.1205787582389917, 5.213883261355777, 4.70196065860231, 4.846172931518981, 5.575367722458461, 4.985959396400165, 4.33427719982252, 4.599390443897452, 6.543831893415193, 5.760779822184379, 6.181965759795697, 5.100826883652576, 5.387175052992042, 5.627023179348848, 4.394975007800293, 5.025936988827658, 5.481527526685348, 4.402618406480395, 5.145824087872295, 5.146096539077341, 5.1465584977624825, 5.147817566532646, 5.149609246344301, 5.140521769907152, 5.151344085823322, 5.152172066168404, 5.1529964429736035, 5.154163951094372, 5.155045043519267, 5.156159148998444, 5.156505500030624, 5.134891921721964, 5.156764431117292, 5.158430637309099, 5.132761082826169, 5.1309791056438385, 5.13087295830263, 5.130549004638867]"
16,"[6.1480699855341125, 4.542349774375571, 5.165312073542918, 5.379649940607994, 4.870855299197565, 5.004848134094939, 2.9029453905830627, 6.024571948139722, 5.246192704597876, 5.3313468552734955, 4.502426951147155, 5.764323289819244, 6.21120645492373, 5.530168205197739, 3.616328702126438, 4.532476158837555, 5.476882654369021, 3.6623058228321552, 5.5754487148271705, 5.1051536890720115, 3.6761143296538767, 5.322487982407258, 4.953419105388224, 4.967293517018742, 3.7009878341431053, 4.704518208528388, 5.706491148584157, 4.606738117088678, 4.220148600211248, 5.406187245138256, 3.563550259875416, 5.052903608976596, 5.2620540560329, 4.843238906931404, 4.414243305731845, 4.301051528929586, 4.7848722052356205, 4.714562813123033, 4.717432234473761, 5.229856945356863, 5.471764570916273, 4.78665844928808, 4.357534991154064, 5.376483303111356, 4.775388045911149, 3.861619679817007, 5.3840643442892535, 5.287665966122144, 3.976283708910305, 5.713047238535868, 5.746465169527255, 5.247652692072142, 5.195132829834716, 5.7986448553009176, 5.344793829497961, 4.727445681863334, 5.203694653160652, 4.638064183481057, 3.8403818799627163, 5.434179767817274, 4.853467198182049, 5.240862197423772, 5.878248707689042, 5.159817730208021, 5.695255551501339, 4.823730624337862, 4.177267061055, 4.5907437514616065, 4.344602789148721, 5.007351269532743, 4.581105757593427, 4.716358386464365, 4.959813955481275, 5.80182395152466, 5.380762032268536, 5.072584495591827, 4.8538073653050064, 4.862034097149237, 5.209041821320409, 5.41519175586446, 5.145824087872295, 5.146096539077341, 5.1465584977624825, 5.144365651254307, 5.147817566532646, 5.149609246344301, 5.140521769907152, 5.151344085823322, 5.152172066168404, 5.1524419970751945, 5.138662573252189, 5.1529964429736035, 5.154163951094372, 5.155045043519267, 5.156159148998444, 5.156505500030624, 5.134891921721964, 5.156764431117292, 5.158430637309099, 5.132761082826169]"
17,"[4.975390412229233, 5.243378666441977, 5.141185220650172, 5.033174258959318, 4.577118286469353, 5.625189171769303, 4.624421165739997, 3.716103251545408, 5.355899017931035, 2.8072745237034646, 5.886357828946898, 3.4957295293272734, 4.771950122459225, 5.209232547144345, 2.146183510730938, 4.361533243914498, 5.022808654405863, 5.385510139963038, 4.413265074277292, 5.365170717912782, 5.3852354721568085, 5.678099046180206, 5.049442868925873, 5.260698090506731, 6.907486865827357, 4.161709655648166, 5.354340519676728, 5.607902775378119, 5.403390822983696, 5.100953789033996, 2.9231313636277423, 3.140113567046198, 4.615444925867194, 4.596124735447505, 5.074022953579522, 5.243682359432319, 5.10605490229599, 4.95626040766233, 3.184150757270454, 4.659689635571244, 4.722385298817401, 5.59925786117453, 5.465387689646462, 4.907657532995113, 4.645538090468379, 5.289640559150401, 5.464194921493123, 5.381970517501481, 5.189883558943042, 5.1203015935275875, 5.689491809481775, 4.183782793675229, 3.5306891458393954, 4.888728732054871, 3.972186488117555, 5.3294169284507875, 5.741053486585763, 5.228908989625852, 3.6014622133916965, 5.109907330547474, 5.23916639489086, 5.045912972562364, 6.209411197160533, 4.57293325293385, 4.9674190550900015, 3.112843903857744, 4.870217897306887, 5.133805011755344, 3.949259385551641, 5.4872529929076155, 4.69403061134848, 5.048981746500385, 4.060826439858085, 3.695275443909765, 3.3962313756998275, 4.991678820943098, 5.031413683516984, 5.360086148010841, 4.812462016498539, 5.1741798922706845, 5.145824087872295, 5.146096539077341, 5.1465584977624825, 5.144365651254307, 5.147817566532646, 5.149609246344301, 5.140521769907152, 5.151344085823322, 5.152172066168404, 5.1524419970751945, 5.138662573252189, 5.1529964429736035, 5.154163951094372, 5.155045043519267, 5.156159148998444, 5.156505500030624, 5.134891921721964, 5.156764431117292, 5.158430637309099, 5.132761082826169]"
18,"[6.023125346344075, 4.445610260017401, 4.878364758533258, 5.257490354988553, 6.172148656953642, 5.535079113123898, 2.5973585806363024, 5.34357523860125, 4.995766644060198, 5.444966536828194, 4.989790470958976, 6.357323417234017, 5.1605745880574965, 3.498634686756616, 4.8835144550400935, 4.531510374880939, 5.544603261443811, 5.202870173742191, 3.8713172354658805, 4.2311561157247075, 5.012495977715742, 5.675894855002344, 5.7350386048806525, 4.861604582437396, 5.130319820677106, 5.1784493457278895, 5.1724958128404435, 5.388297887707229, 3.7537233882911574, 6.963321376487286, 4.650918165657284, 5.224334659542061, 3.9370652698961806, 4.386917464208435, 5.0865853127162435, 5.18148819447846, 4.873588420531815, 5.165517550668238, 5.914604427645185, 4.0648368972669235, 5.590100027933972, 5.153171941667139, 4.897363916084924, 5.68571651015937, 5.543101019824109, 5.605311873059209, 5.310629087257794, 6.090093704313231, 4.853499595898172, 5.093458684356525, 4.205303202161684, 5.629769468720678, 5.477886012328265, 6.027829233437745, 5.541484707917103, 5.386110309056325, 3.3402071367877717, 6.221528145380699, 4.089473415326527, 4.109632179234032, 5.1251649359514815, 5.092015701601079, 4.621858717124319, 4.496168505173099, 5.571378315444312, 4.4727709091700145, 6.2066611197311, 5.476004477374836, 5.847606560874318, 5.289195930167111, 5.187298398565007, 5.0398636515930555, 5.210774706535736, 5.211376576995857, 5.426122461005917, 5.168491099994198, 4.354465859935955, 5.00204931145079, 5.335079147959588, 6.297735381079845, 5.145824087872295, 5.146096539077341, 5.1465584977624825, 5.144365651254307, 5.147817566532646, 5.149609246344301, 5.141185220650172, 5.140521769907152, 5.151344085823322, 5.152172066168404, 5.1524419970751945, 5.138662573252189, 5.1529964429736035, 5.154163951094372, 5.155045043519267, 5.156159148998444, 5.156505500030624, 5.134891921721964, 5.156764431117292, 5.133805011755344]"
19,"[6.0844795702582815, 5.084266357895396, 4.724521050431126, 4.235348989384325, 5.074115004192146, 4.7447454021376, 5.359374718674165, 6.796017473434096, 4.932269020128733, 5.95672077705335, 3.954038640839633, 5.642756045705612, 6.558195616506317, 5.240191409463014, 5.5369301557387445, 5.000122448625405, 3.1983380398159884, 3.4380934620233337, 3.0374032429854525, 5.753048190655264, 6.572321475321943, 4.572679636407528, 4.938169466138058, 5.287041620994506, 4.144278750017022, 6.14040458093728, 5.026055155095948, 5.785939608161307, 5.698667346854909, 5.5840191415417255, 5.146070012013076, 5.0124152661389285, 4.927400250607531, 5.033064795387949, 4.337576014210315, 5.013837929348898, 5.092914273889006, 4.852032500577952, 4.889163115250214, 5.257117258269654, 4.657509040486578, 4.637041653035169, 6.029297652670026, 4.587814832941859, 5.03420466650213, 4.9522587330933705, 6.081098748161546, 4.9890574216557875, 5.332446528868669, 4.8346336859859615, 3.889528379031729, 4.608976805885995, 4.761353900718915, 5.810299584314697, 5.734941670339608, 3.399128422033672, 4.82610151458179, 5.367835623748068, 5.905583657828905, 5.715493382314074, 3.727882895472618, 3.9172736521297593, 5.69765457345294, 4.91387903718897, 5.191190387097478, 4.190009679287308, 4.972295811910262, 4.777579160304251, 4.075298368828921, 5.5149529396212555, 5.00042049056786, 4.1479089118373365, 5.309602538965541, 4.734552714777254, 5.692020344973599, 4.646763395081059, 5.268852673621504, 4.505768342930258, 6.127055351155179, 4.767509770845398, 5.145824087872295, 5.146096539077341, 5.1465584977624825, 5.144365651254307, 5.147817566532646, 5.149609246344301, 5.141185220650172, 5.140521769907152, 5.151344085823322, 5.152172066168404, 5.1524419970751945, 5.138662573252189, 5.1529964429736035, 5.153171941667139, 5.154163951094372, 5.155045043519267, 5.156159148998444, 5.156505500030624, 5.134891921721964, 5.156764431117292]"
20,"[4.703394081961251, 5.339898485934663, 4.47602148473113, 6.370297746726245, 5.271469130778806, 5.613716316390683, 5.223627429415896, 5.471704470536846, 5.285214713880735, 5.369539806460759, 5.80285808445964, 6.4053097034580535, 5.624485911644241, 5.038340238385672, 7.030151268287671, 4.723480333333591, 4.566465089347273, 4.213382667461058, 4.423928127721475, 4.604250026126609, 4.9640310649629065, 5.355221247935422, 5.09438140141693, 4.6736700302458685, 4.543011435251677, 5.764801113716692, 4.732476829603888, 4.942230840744095, 5.315515368472591, 6.50809663898368, 5.520089486590159, 5.020266692268372, 3.566327150123776, 5.128807215435849, 5.236296051090504, 4.994923538986883, 3.891353712607083, 5.712318672388386, 5.685125366663117, 4.86712017352518, 5.039766504911982, 5.2400553190244405, 4.961845359062776, 7.3608258103856885, 5.04975748774075, 4.460339706202658, 5.17811430336077, 4.893786414469187, 5.434299779026276, 4.76952883122314, 2.692385418270325, 4.274999186769707, 5.3274015374665655, 5.484930853837536, 6.123093593597543, 4.810773140124716, 4.667480021797421, 5.211513880191688, 5.611434363146862, 4.688717691233653, 5.0271368710571185, 5.176451781791885, 5.034262624591545, 5.945297325864844, 5.32922348336602, 5.952241624418624, 3.365810870888088, 5.222157859065836, 5.0046931811398565, 4.887398350604007, 5.115371857307953, 5.599998336689478, 5.9422393937484435, 4.806584774789623, 5.584961338190573, 4.256757411240511, 4.924845189407416, 5.207621900181817, 3.85809731906223, 4.08358634845786, 5.145824087872295, 5.146070012013076, 5.146096539077341, 5.1465584977624825, 5.144365651254307, 5.147817566532646, 5.149609246344301, 5.141185220650172, 5.140521769907152, 5.151344085823322, 5.152172066168404, 5.1524419970751945, 5.138662573252189, 5.1529964429736035, 5.153171941667139, 5.154163951094372, 5.155045043519267, 5.156159148998444, 5.156505500030624, 5.134891921721964]"
21,"[4.898322524330641, 5.531355099273929, 5.69969956481488, 6.097791684125698, 4.971784530715986, 6.220796069837147, 5.680583436382893, 5.273590701117389, 4.6544641306983605, 5.307033293269166, 4.715134479483487, 5.026544005228751, 6.098325176639722, 5.592209044493044, 4.946319805949479, 5.217336310654523, 5.055676196919322, 5.729660140087056, 4.481087876504146, 4.251188599274247, 3.9878276226332856, 2.9380627121924014, 4.686453534739341, 4.567462518485569, 4.890849634145523, 5.413588746638309, 4.830130239739402, 5.313652741308585, 5.251442160699828, 5.053116812315696, 3.449353848129273, 7.148943595461322, 6.867522710298556, 4.947995887165812, 4.065610227139373, 4.77669888620829, 5.736291784058141, 4.585317264856116, 4.427350143964367, 6.557308334833616, 4.827696951253802, 4.525571162473012, 4.353379814369736, 4.860260475283154, 5.30926044059635, 5.601512351730834, 5.1078568032541645, 7.383656695133451, 5.184486894003601, 5.01465138612043, 3.549840616524919, 6.666795639477606, 5.6838148886771425, 3.729925103980134, 6.061710401783892, 3.6142327596111383, 4.197322874427721, 4.751280421238861, 6.482892308561563, 5.162646481373503, 4.712018663381727, 5.682735190128786, 5.347700187316737, 5.153485241383691, 2.604845177067806, 4.447733069641979, 5.395890020272776, 5.116870974737844, 5.230732832947563, 5.15705300804407, 4.732652888345908, 4.3513781243829985, 5.1890885583031725, 5.8851269444840195, 4.007519742312882, 4.722388526751429, 5.984471709465101, 4.471368606116356, 5.867069563313461, 5.056683891313584, 5.145824087872295, 5.146070012013076, 5.146096539077341, 5.1465584977624825, 5.144365651254307, 5.147817566532646, 5.149609246344301, 5.141185220650172, 5.140521769907152, 5.151344085823322, 5.152172066168404, 5.1524419970751945, 5.138662573252189, 5.1529964429736035, 5.153171941667139, 5.154163951094372, 5.155045043519267, 5.156159148998444, 5.156505500030624, 5.134891921721964]"
22,"[3.576322121552063, 4.644928317205455, 5.189448229343517, 5.849465577717258, 6.645773180166007, 5.083153661585106, 5.2636228465887385, 4.592724919974414, 4.440550957505239, 5.945803143087133, 5.077670927382125, 6.53561588652029, 5.004925669424976, 5.092501660153024, 4.159240062901757, 7.139830453078485, 5.581652493522004, 5.224048268112385, 4.320916563831187, 5.257889353016196, 4.704179655548494, 6.030626375282711, 4.813996269654926, 4.394530783010015, 6.804108720943561, 4.236963217166082, 3.8055423556149015, 5.193285974630628, 5.136637643745054, 5.832125475761977, 5.060880558036742, 5.453069855281391, 4.7218384741972965, 5.1057838166760945, 4.2155299371875925, 5.315300654707308, 4.891978431442224, 5.292042891591503, 7.226735948850693, 5.308576880393595, 5.211778399190036, 3.8346997331117834, 3.9373114613610807, 4.992422420683544, 7.116137480796736, 5.0534021605587895, 4.809409555000212, 3.412878330082672, 4.8920727933042105, 5.376382865779258, 5.394229665730955, 5.044928848015371, 5.333321458120843, 5.17951161714838, 6.055633772120224, 4.860740148740577, 6.546976799246238, 5.53416029584854, 4.3556072546459825, 6.113577929680833, 6.240934372003814, 5.0275087043297955, 5.647267038713685, 5.24771970081567, 5.008279075214533, 5.369286011350459, 5.059217092948473, 4.779067248102391, 4.257679310117959, 4.688628353011716, 5.281377240482384, 6.102054337269555, 5.085310323352613, 5.510481843496271, 5.153356615942955, 4.32119911559606, 6.216494039799683, 4.461296980268453, 5.321866879785188, 5.073177698294266, 5.145824087872295, 5.146070012013076, 5.146096539077341, 5.1465584977624825, 5.144365651254307, 5.147817566532646, 5.149609246344301, 5.141185220650172, 5.140521769907152, 5.151344085823322, 5.152172066168404, 5.1524419970751945, 5.138662573252189, 5.1529964429736035, 5.153171941667139, 5.153485241383691, 5.154163951094372, 5.155045043519267, 5.156159148998444, 5.156505500030624]"
23,"[6.24022438445227, 5.868601429954152, 5.14766761780435, 5.3967872704335536, 4.947765888133136, 5.181351843704311, 5.1909217575514415, 5.168617676784953, 5.13275070001248, 5.08591114769176, 5.811435044760729, 4.840496757440636, 2.7007836024959064, 4.230061741873128, 4.5672282787551675, 5.637047631851783, 5.221606617248539, 4.442665470284286, 6.019211476281946, 4.411482171819256, 4.625316777545045, 6.050176396955869, 5.658267642075646, 6.305783547511192, 4.779553175468546, 3.5384367861733246, 4.62183042924911, 3.6076860195185403, 4.726687686723535, 5.347572354688301, 4.244174019533672, 5.746050992853835, 3.516515538399159, 5.50152293078209, 5.489012892861694, 4.849038982291462, 4.827965902386966, 3.6421260144357412, 5.161401278943542, 5.069559997151398, 4.610345431889501, 4.82266920194737, 5.202723536941075, 4.625941992109242, 5.075059990634929, 4.691169466466384, 3.560053702093697, 5.407618500114394, 5.963945223003428, 5.149051176116564, 4.824283265876876, 6.1643991807379095, 4.596394434288601, 3.7990492879008824, 3.814969512782219, 6.601135653395234, 5.027105046188661, 5.231105752134448, 5.065899625481034, 5.41765138159826, 5.123771828692528, 4.772071523782763, 4.396779825545438, 5.222871390710886, 4.067808661437225, 4.205362904903012, 3.6281018154649933, 5.354672523740497, 5.656573348596963, 4.373086648428222, 4.09803016263168, 5.681825095051267, 3.8625699970583507, 6.248577569651848, 5.781180745286086, 6.394328828011493, 5.5891758152247615, 4.9578022622018825, 6.047905065363175, 4.063547477866636, 5.145824087872295, 5.146070012013076, 5.146096539077341, 5.1465584977624825, 5.144365651254307, 5.147817566532646, 5.149609246344301, 5.141185220650172, 5.140521769907152, 5.151344085823322, 5.152172066168404, 5.1524419970751945, 5.138662573252189, 5.1529964429736035, 5.153171941667139, 5.153356615942955, 5.153485241383691, 5.154163951094372, 5.136637643745054, 5.155045043519267]"
24,"[5.5314053460378965, 4.483824079961189, 5.0298516825811515, 5.518738049313271, 5.0392103569089155, 5.019278908236761, 5.111017395048037, 5.571251564687521, 4.598472839429814, 4.18409474659144, 5.506807575398371, 5.629885990309304, 5.934850186984766, 5.436479325095241, 4.304874401443987, 5.835815064786149, 4.616181665846341, 4.936562011506192, 5.058828174847858, 4.61724896986952, 4.589533073931646, 6.27724738084866, 5.848422828986734, 5.590554555125581, 5.1258373138013456, 5.505750453650342, 4.938154171943436, 5.318215266649642, 4.831757818800099, 5.009854831029788, 4.544618854886867, 6.013098544375689, 6.3858531320617775, 4.168284654067909, 7.413471953228798, 5.535443069342902, 4.941093330003658, 5.666412407033284, 3.6673255533672147, 5.09626569374455, 5.587337048293913, 4.336527738421793, 5.174231293800609, 4.178184927787477, 3.6353784926688277, 5.770332017844345, 4.69345528747666, 5.040095844993191, 5.3041155369777355, 5.348249304860298, 4.941697242583069, 5.9435723185149, 5.50891098493917, 5.030144165413546, 3.8306415063262977, 5.834407904585962, 3.694395050662108, 4.034737943001681, 4.270460639727391, 4.376812105838427, 5.148383523625296, 4.994635563462996, 4.960082520443447, 4.813564356491429, 4.960614563736659, 5.186044965651227, 4.8482315157898235, 4.407478442072588, 4.328738619488664, 3.201575315681641, 4.893341837204392, 4.903979089172838, 2.943390850731984, 6.075691736597175, 4.5994114491080635, 5.515089852315764, 4.519462377550396, 4.911782863478782, 5.3293209557720544, 4.898767702996642, 5.145824087872295, 5.146070012013076, 5.146096539077341, 5.1465584977624825, 5.144365651254307, 5.14766761780435, 5.147817566532646, 5.149051176116564, 5.149609246344301, 5.141185220650172, 5.140521769907152, 5.151344085823322, 5.152172066168404, 5.1524419970751945, 5.138662573252189, 5.1529964429736035, 5.153171941667139, 5.153356615942955, 5.153485241383691, 5.154163951094372]"
25,"[5.368358006322481, 5.240761346093862, 4.9639966144680265, 5.104115931658004, 5.259518092480015, 5.323793997095612, 5.25365293714814, 5.176972049916904, 3.1421024936349715, 4.9253751202494875, 4.530573563905941, 5.303635353491387, 3.5275299391520716, 5.8412503376075, 5.03757656583232, 5.69718747341099, 4.4649637648993945, 5.5945128918343805, 4.644739564617455, 5.144934790491882, 4.140433014627185, 4.8906152858348495, 5.317870807540408, 4.758647001966967, 5.022271540300894, 5.223741014713792, 5.402723330666744, 5.933593425469592, 5.031559819509512, 5.106298487002976, 4.986515641534769, 6.507254633535917, 2.4979628119422417, 4.951440728563194, 4.429286180976981, 4.356602027006304, 5.183334322635945, 5.48093134268133, 5.227241571046747, 4.263368080849618, 5.220779326499757, 4.8683935428918295, 3.7934641097408246, 5.449354479340337, 5.424887555806476, 5.269696795094687, 5.760140217825748, 5.338552583067184, 5.104961015349719, 4.8043262249580145, 5.820627038448903, 5.679117902843129, 4.9969248903681525, 4.581628194516434, 4.659053383976803, 5.060609783239277, 4.296789928722439, 5.200600699233014, 4.0340961528367725, 4.575338040862221, 5.277337676933156, 5.145755808548828, 5.601951789460792, 5.5065992303331806, 4.7625914851228766, 5.63416709988503, 6.459817994907443, 4.613880256825812, 5.5779526101900725, 4.66165367149628, 3.773480786823918, 4.316296968426746, 4.542607351188808, 5.616430173393272, 5.3652772713297745, 5.291801266030772, 3.804370566431966, 4.996353527636293, 5.0470800032371645, 2.5555469345469195, 5.145824087872295, 5.146070012013076, 5.146096539077341, 5.1465584977624825, 5.144365651254307, 5.14766761780435, 5.147817566532646, 5.148383523625296, 5.149051176116564, 5.149609246344301, 5.141185220650172, 5.140521769907152, 5.151344085823322, 5.152172066168404, 5.1524419970751945, 5.138662573252189, 5.1529964429736035, 5.153171941667139, 5.153356615942955, 5.153485241383691]"
26,"[5.222281038908092, 4.697324142385167, 4.288202730513625, 5.507172630437904, 4.613098795555027, 4.600961899349665, 5.665742986335805, 4.76809059387051, 5.970949506058214, 3.7689401050354463, 5.547191895083042, 5.725217734388114, 5.20048652269779, 6.4537531453690375, 5.390040841924737, 5.879662289174108, 5.552186622779162, 5.454711761999296, 5.519810914483936, 5.275896641729203, 4.3915749205766055, 5.864168617731258, 5.131145451216748, 5.005584537361087, 5.183570055374735, 5.402796681437067, 4.822290745463552, 5.141931935176305, 5.6139745476112966, 6.247280413604819, 4.771570067586162, 5.838041611017696, 5.306259312978148, 5.587494707559548, 4.623430140425407, 6.524229237679559, 5.379103192977688, 4.014099395496661, 5.6436581992567145, 6.6111087058032405, 5.196926152636203, 5.522951096877399, 5.747740154750641, 3.7253143123411387, 4.3878199258880635, 4.760701242453194, 5.605266299357008, 5.034246363202691, 6.461564981343563, 3.9362341189520444, 4.281284588706372, 5.288620837422644, 3.822117316449974, 4.780347432166113, 6.4491189258659745, 5.226442951800094, 5.908336636284051, 4.947993871837316, 5.1730554096051735, 5.297312173694939, 4.92184059055431, 4.725768771002922, 5.689129037904557, 3.628190017662453, 5.9146788526673175, 4.8288488820167625, 4.912675143009929, 4.997215782333901, 5.3136276772953375, 5.488837783802756, 4.535660539385155, 5.063234831982649, 6.944051334071374, 5.466524670551731, 5.047540178159746, 4.969581069251397, 3.6488285759001187, 5.744862560878567, 5.680770400104601, 4.847889441004772, 5.145755808548828, 5.145824087872295, 5.146070012013076, 5.146096539077341, 5.144934790491882, 5.1465584977624825, 5.144365651254307, 5.14766761780435, 5.147817566532646, 5.148383523625296, 5.149051176116564, 5.149609246344301, 5.141185220650172, 5.140521769907152, 5.151344085823322, 5.152172066168404, 5.1524419970751945, 5.138662573252189, 5.1529964429736035, 5.153171941667139]"
27,"[4.674750215572493, 4.988321647381721, 5.566748679007061, 3.512804858503397, 5.798475644686727, 5.46822925511604, 5.102388435763714, 5.194472650210028, 5.347651769228871, 6.306935815960641, 5.918595826479904, 4.043162333645942, 4.545311298185628, 5.110147000926133, 5.908134639388187, 4.489378307152195, 5.17263589776014, 3.3325302241999184, 5.0075895646630295, 5.405481605905898, 4.915197515432286, 5.823352460277475, 4.672192831293756, 3.5040324981542295, 4.8418586847533325, 4.736991969299055, 5.54479485910236, 4.782852512245933, 6.255291238393622, 4.729666926248233, 5.850843857059885, 4.443146326614717, 5.3402849364079925, 4.98765434232995, 5.101589169561354, 3.5802524723371674, 4.688836225480503, 6.191554896172679, 5.080710446043943, 4.885534436566393, 4.072239318645966, 4.168740417946862, 3.877667135268685, 5.095610463386562, 5.743839861724707, 5.632840992947738, 4.873222117273, 5.685708496423024, 5.068978475583427, 3.2733980853622566, 5.235278280909395, 5.40371664663878, 4.328075717786182, 4.89329176407222, 5.328555812149817, 4.1193046590688835, 5.098816164902516, 6.5317514476414065, 4.267918910935862, 4.740235134895847, 5.498417785954287, 3.7527449753178974, 6.102966898226977, 5.26000897276578, 5.003161853944356, 3.962782414600775, 4.583906074834296, 5.136706304722351, 3.7133705586738315, 5.367733865198935, 4.618662271738106, 5.149863107435478, 7.3450532193235025, 6.221810808274013, 7.016781684549884, 5.175518111274588, 5.660546662973027, 4.5395531769417925, 5.132600594920837, 5.433961334131553, 5.145755808548828, 5.145824087872295, 5.146070012013076, 5.146096539077341, 5.144934790491882, 5.1465584977624825, 5.144365651254307, 5.14766761780435, 5.147817566532646, 5.148383523625296, 5.149051176116564, 5.141931935176305, 5.149609246344301, 5.141185220650172, 5.140521769907152, 5.151344085823322, 5.152172066168404, 5.1524419970751945, 5.138662573252189, 5.1529964429736035]"
28,"[5.856879352788782, 3.4201560852396518, 4.0624892836493345, 5.382105031042151, 4.684837760277554, 5.836673175448541, 3.5244224498161576, 5.77996033754163, 4.7561070550375675, 4.5596489635397885, 4.098665162822398, 4.687093419889966, 5.531729018683566, 5.095995550835532, 7.2844955155581985, 5.620181699117865, 5.5820300741769975, 4.633585957478365, 5.326182352666775, 5.9371416417701885, 3.0587689867849495, 4.954542392786875, 6.223963954453477, 3.9779294115674197, 5.8704676678101695, 6.12039861041816, 4.780405934069792, 5.083572839588625, 5.166143495743956, 5.702740109877482, 4.800587630126656, 5.693631685666333, 6.096924890980185, 5.808342673545478, 4.848388825853762, 4.369435837353162, 5.050384129808104, 5.039857265486553, 4.91249025008174, 5.158084394697191, 4.969219188770714, 3.0808348691316465, 5.571224547535728, 4.92194467287212, 2.872456889214723, 5.3810038331740975, 4.8697079861526875, 3.715424603466802, 5.551750465535818, 3.591381056392139, 4.766568018265017, 5.1912239600825725, 4.474641509973465, 4.7940802913068135, 3.937668264216387, 2.7174102009822994, 5.330949756490432, 5.366101169834732, 5.131701459864619, 5.008436937269952, 5.078334876771473, 5.542868285445396, 6.0213529845412115, 5.293787369201364, 7.573192609221948, 4.455621016691972, 5.648189319836286, 5.109896041802742, 5.284779072300198, 5.870051923793373, 5.355782801686211, 5.307889885172718, 5.2312931959723326, 5.619553635451392, 4.682106369524961, 4.688694654801733, 6.474526938816476, 5.804471353452158, 5.956605128330492, 5.315847399317564, 5.145755808548828, 5.145824087872295, 5.146070012013076, 5.146096539077341, 5.144934790491882, 5.1465584977624825, 5.144365651254307, 5.14766761780435, 5.147817566532646, 5.148383523625296, 5.149051176116564, 5.141931935176305, 5.149609246344301, 5.149863107435478, 5.141185220650172, 5.140521769907152, 5.151344085823322, 5.152172066168404, 5.1524419970751945, 5.138662573252189]"
29,"[5.4719575696942995, 5.032180132784253, 4.838777787236153, 4.037774412202773, 5.348017569891511, 6.540817973497247, 6.651226165345442, 4.50702712009886, 3.549851600813583, 5.009153711560698, 5.294410709889734, 6.180301017306317, 5.093188418396796, 4.460117190703205, 5.204840942007091, 4.883883433227684, 4.822774193380509, 5.622933647955232, 5.066530617114433, 6.413162541994916, 4.777150741771802, 4.50625476136632, 5.219841438240768, 4.552908261661333, 3.312497957088879, 5.5284036074998975, 3.73827118881472, 5.036006039971229, 5.227551295392953, 5.96253837377713, 4.055040880117106, 5.567899207578748, 7.04309312530331, 5.47706930428946, 3.92500795156154, 5.067725830073575, 6.154585151683192, 5.026194622270255, 2.7938516252683003, 4.4868214752100615, 5.032041053759434, 6.171531195296231, 4.60351803755284, 4.838727918697453, 3.738033046879946, 5.549892886093013, 5.267774975820004, 4.63292850832889, 5.574177587449032, 5.238102686477784, 6.225728710002837, 5.293513041910067, 4.965625075601452, 5.301211850565808, 6.99616804843482, 4.301331091294164, 6.140875248337263, 5.752518644893449, 4.446152757672805, 5.207811690510694, 4.4484185859303285, 4.043036675926413, 3.859441685409121, 4.455285618780811, 5.1543779687047495, 5.678549248286746, 6.344281698748195, 5.427605358258674, 4.548663402241669, 4.36933231524679, 5.085154379769198, 4.753764259620798, 5.051847986368025, 4.008135674391346, 5.6805332041318515, 4.602358206281821, 5.048210373094313, 5.216625836372199, 5.63008391111032, 5.28533432409028, 5.145755808548828, 5.145824087872295, 5.146070012013076, 5.146096539077341, 5.144934790491882, 5.1465584977624825, 5.144365651254307, 5.14766761780435, 5.147817566532646, 5.148383523625296, 5.149051176116564, 5.141931935176305, 5.149609246344301, 5.149863107435478, 5.141185220650172, 5.140521769907152, 5.151344085823322, 5.152172066168404, 5.1524419970751945, 5.138662573252189]"
30,"[6.588682735793875, 4.485296790084796, 5.131019771251285, 4.862601415261036, 4.863692141567151, 4.325101287809192, 6.213139784175032, 5.156104597927648, 4.538010570749727, 5.607065355906645, 4.9049654780191405, 5.6740365858595005, 5.377249033040286, 2.81872895350089, 5.346388054456787, 5.109863860672203, 5.256089071122074, 5.243209424543789, 5.4828571416280765, 4.292118068456332, 5.401488763775969, 5.182750457436066, 4.979824946736806, 4.661842151227073, 4.838268864624688, 5.419516864873799, 5.529643448612745, 4.1124109778965465, 4.95460947377433, 3.9206950887234004, 5.29615688826506, 4.094921440341999, 5.00161142822055, 3.944649765022895, 5.541854045845505, 4.296302510551963, 4.823796213056047, 5.0175906869944065, 4.1410667448044345, 5.222000357309134, 5.344970169794655, 6.277742707476049, 3.8153571017828622, 5.256461766796216, 4.3632742281093915, 5.429811248964912, 6.528879727599152, 3.3276116051331384, 5.4688089482572, 5.031272644798804, 6.237298969606435, 5.4548355752826785, 4.605343664585415, 5.757068736283577, 5.470630363944076, 5.0147491918928555, 5.159973173582175, 2.597992527930878, 3.983437426342544, 5.332048880134048, 2.7285163199567286, 6.274881928937379, 6.6940677106925985, 6.265804258845746, 5.000356676336655, 4.934281233141556, 4.2117606687745885, 5.2256379494035965, 5.890931275482792, 5.075241374863053, 5.6485125513154175, 4.3171532548767, 4.721337218597677, 6.146909672786416, 4.477934041283345, 5.21776731193899, 5.165991447908226, 4.727245017886, 6.698431619392572, 4.750528171205234, 5.145755808548828, 5.145824087872295, 5.146070012013076, 5.146096539077341, 5.144934790491882, 5.1465584977624825, 5.144365651254307, 5.14766761780435, 5.147817566532646, 5.148383523625296, 5.149051176116564, 5.141931935176305, 5.149609246344301, 5.149863107435478, 5.141185220650172, 5.140521769907152, 5.151344085823322, 5.152172066168404, 5.1524419970751945, 5.138662573252189]"
31,"[5.697489592293055, 5.298785199625378, 4.2093538556476595, 5.669792150985567, 4.1218094406078025, 5.392953315266817, 4.477714585266839, 3.833853340799309, 5.028976628331897, 5.017884073410629, 5.335886159478894, 5.016163951844411, 4.779703363539197, 4.596711100090884, 6.300927203200214, 5.052469855547619, 5.789703424798102, 6.9651214068789224, 4.126450307951514, 4.779530126612514, 4.6115772773972665, 5.696717036050977, 5.362464729727477, 4.010725666561394, 4.7680732716817795, 5.115388032326383, 5.8442904167431555, 5.046834136124744, 5.515221894397463, 5.264049991558343, 5.012448564274407, 4.903954777306484, 3.8219216988695512, 5.450530461796587, 2.590620645373837, 4.599798796482479, 5.128612750699451, 4.8135652979035815, 5.381897073699827, 4.846977249077122, 3.6242269956579616, 3.9949142048870008, 6.146388984855719, 6.506023110535292, 4.9382384376242054, 5.061756227270411, 5.681935726738622, 4.713992538972144, 4.464693402578201, 5.413159916097892, 5.166240572783332, 4.8797872865550085, 5.341157713565204, 5.0779324165197135, 4.172639532542332, 3.3643816456521423, 5.379390063359126, 3.2150798884285945, 3.8469167603343335, 6.368469317892407, 5.418816612526084, 5.274243406663391, 2.3503032135010136, 4.5188905211777115, 4.994142703581453, 5.757148607632766, 5.279771023175265, 4.892359174610778, 5.186146066902896, 4.631004114481557, 4.243249253836209, 5.161955048346854, 5.161738648669104, 5.410773749335813, 3.893554127273763, 4.6059444728630465, 5.904196187153408, 4.70070787573971, 5.0284935867684215, 6.204581856673567, 5.145755808548828, 5.145824087872295, 5.146070012013076, 5.146096539077341, 5.144934790491882, 5.1465584977624825, 5.144365651254307, 5.14766761780435, 5.147817566532646, 5.148383523625296, 5.149051176116564, 5.141931935176305, 5.149609246344301, 5.149863107435478, 5.141185220650172, 5.140521769907152, 5.151344085823322, 5.152172066168404, 5.1524419970751945, 5.138662573252189]"
32,"[5.211257366832026, 5.996507526005336, 2.2179715947770196, 6.193175626555192, 5.329768818394674, 6.537759341592279, 5.282403563738766, 4.864605178007054, 5.5046278115181835, 5.522477483494396, 4.989577181681789, 6.7696190746015175, 5.631329769729888, 4.643226063002423, 5.196371621037327, 6.104918617840887, 5.722557267533037, 5.398543535197794, 5.066030982858855, 5.843056272621651, 5.024243350422422, 5.290718491649148, 3.9365379564876464, 6.949678978616693, 4.849853771111992, 4.645982095640103, 4.956474057310135, 5.701370333414603, 5.079663755054554, 5.1028220042451675, 5.226480674860733, 6.459682750776971, 4.239993996462712, 6.015493258580848, 4.154661633124204, 5.065210950328925, 4.004718016738057, 3.7875365520899362, 6.1959657650924465, 5.142012607467212, 4.474220482298416, 5.1645842791324705, 5.030708097260726, 3.8674994005567918, 5.112681387969648, 6.674940004949534, 5.1649710140354825, 5.0603732742948555, 5.929490328783255, 6.143011277305416, 5.4231713733498506, 5.5312248977699054, 5.097696279643302, 4.7559594242124, 4.240296314113069, 4.306864316310019, 5.836909738494956, 5.743296508479048, 5.662582155819967, 5.190247287783527, 5.197128637870991, 5.204241682633176, 5.261242982106607, 5.434163419741438, 4.302877029545377, 5.040447372631004, 4.547881667227464, 5.307525519293259, 5.53378235891468, 5.26922838824664, 4.619340360714743, 5.768460272531672, 5.440312591497781, 5.1029931450984, 4.352875899190629, 5.5272258242789585, 5.1797959520335075, 4.230301764234481, 5.105212495103644, 4.145088543150096, 5.145755808548828, 5.145824087872295, 5.146070012013076, 5.146096539077341, 5.144934790491882, 5.1465584977624825, 5.144365651254307, 5.14766761780435, 5.147817566532646, 5.148383523625296, 5.149051176116564, 5.141931935176305, 5.149609246344301, 5.149863107435478, 5.141185220650172, 5.140521769907152, 5.151344085823322, 5.152172066168404, 5.1524419970751945, 5.138662573252189]"
33,"[5.24392470020119, 6.717584634409803, 5.097750115016675, 3.504970569594789, 5.142601704088051, 5.321960884268813, 5.490337108274473, 5.263007453485275, 4.372481016411073, 5.50769593420138, 5.999648193696964, 4.919482918316129, 4.536062774124069, 6.862130045244711, 4.9467982878932775, 5.719454779944604, 5.898274556986151, 5.070680345411725, 5.385642781580101, 5.977451521580534, 5.806530943618723, 5.081961666978858, 5.01583121021848, 4.721805352781892, 5.722297307572196, 4.734888052179107, 5.39513968512974, 4.967592880138291, 5.102642179402993, 5.82682945862092, 4.5792342250996985, 5.932840023217756, 4.436171021168996, 4.440322025254963, 5.383143045528527, 4.85784900536279, 5.287473621163437, 5.853826766900241, 4.942913330619635, 5.193712233337421, 6.196049117046803, 5.699235212862258, 5.829965387223038, 4.876094030767091, 4.494214784490293, 5.166250207408538, 4.958305375927715, 5.3788710844432694, 5.126885936790462, 4.01338829504377, 5.508420853225418, 3.0657245317696127, 5.644683579419753, 4.724358635599186, 4.509019828031105, 5.310811314802206, 6.628787786558136, 4.765181288131821, 5.3312455021912, 5.193875988737147, 4.353983719335951, 4.929016657805791, 4.878786730321153, 5.180347716523851, 4.71162810480539, 5.588691978975528, 5.006549965935614, 5.245333168353817, 4.6609685094636655, 4.5309062779210585, 5.269515868486266, 3.9075798959560735, 5.165421716228423, 5.765167488918497, 4.771570665867703, 4.350544303835597, 3.829637963416258, 5.241558450607375, 4.111792302372642, 5.175892453829561, 5.145755808548828, 5.145824087872295, 5.146070012013076, 5.146096539077341, 5.144934790491882, 5.1465584977624825, 5.144365651254307, 5.14766761780435, 5.147817566532646, 5.148383523625296, 5.149051176116564, 5.142012607467212, 5.141931935176305, 5.149609246344301, 5.149863107435478, 5.141185220650172, 5.140521769907152, 5.151344085823322, 5.152172066168404, 5.1524419970751945]"
34,"[6.464262308434572, 4.974586987871488, 5.201620072042118, 5.606137234303739, 5.114732434861483, 5.221392845198899, 5.816540751254605, 5.305449845268384, 5.170404397715467, 6.017928707724813, 5.592127826640807, 5.055157377655883, 6.216112481849798, 5.234426873449238, 5.183630598449652, 5.208743353415163, 4.81385521963615, 4.906403746854236, 5.565981036648493, 5.359737183054028, 5.979931916201982, 5.116734744160655, 3.5870793770100304, 7.41252849718403, 5.210841298846645, 5.159171539176928, 6.307947888722881, 4.653232504906342, 5.180873624147559, 4.605857717453235, 5.252952854721468, 5.537729134102237, 5.438641517217166, 5.078376649909208, 5.162536768989029, 6.5278212367467825, 5.420866807839574, 5.623038777276216, 3.066355360106269, 4.965919403448369, 4.0081544984510025, 4.0059791350680705, 5.129413690146096, 3.764068509765348, 6.897115809080339, 5.062660647714149, 5.305797231584214, 4.984494843586518, 4.846251568548607, 4.525691361356965, 6.6013211574402835, 5.2241623348269615, 4.938910192972898, 4.3546218244601524, 4.994934253331711, 6.321374358943724, 5.349674398481054, 4.237201313699348, 5.232556476268488, 5.24332900583828, 5.304287674305671, 5.235227506056143, 5.707215193709958, 5.155453943401996, 4.536641751487927, 4.596004156949277, 5.12750402051547, 3.0203981177099033, 4.180675106531856, 5.776726483504024, 5.408691702987882, 5.19240222430023, 4.127394147117123, 6.9874371061412335, 4.991470331399055, 3.5501353362032564, 5.017334609845408, 4.930140310907329, 3.7794539085825685, 3.9379447177836258, 5.145755808548828, 5.145824087872295, 5.146070012013076, 5.146096539077341, 5.144934790491882, 5.1465584977624825, 5.144365651254307, 5.14766761780435, 5.147817566532646, 5.148383523625296, 5.142601704088051, 5.149051176116564, 5.142012607467212, 5.141931935176305, 5.149609246344301, 5.149863107435478, 5.141185220650172, 5.140521769907152, 5.151344085823322, 5.152172066168404]"
35,"[5.588661085236538, 5.516167227488968, 5.554696058232997, 5.431354738965321, 5.219179774247836, 4.251149904723491, 5.543526203546083, 3.891921493775388, 5.255012543943432, 5.2157676883103665, 4.637797095048938, 4.977903892601907, 4.138737756585632, 3.7140953223256434, 4.438445640284575, 5.634324566248536, 5.92948750752481, 5.264383227481669, 5.048060098287102, 6.270479006929844, 5.225805415564605, 4.071475520760347, 5.520253593570512, 4.953088810195068, 5.157361656031233, 4.869244081188247, 6.172339945295107, 5.468995958584613, 3.244866237481083, 5.372143029972994, 5.0595325062857714, 5.356897239864056, 4.779735079823967, 4.56085727534363, 5.4798813972731955, 5.1522323328791675, 5.689279992087824, 5.259006807494353, 5.289787354432687, 4.8167273308570415, 3.613005601932974, 4.596190610849922, 4.7576309260443335, 4.7903738232686095, 5.073273154939891, 4.662337864158264, 5.082287767901184, 4.954152012807175, 5.203390284591471, 5.046419129443295, 2.9731070398507877, 4.84824901005286, 5.180490994360213, 4.702347624327457, 3.754666542538798, 5.668457217741801, 4.096147987985826, 4.794967036549891, 4.788741942428308, 3.406078136001109, 4.4360935082099635, 6.193806842011118, 4.992427676018495, 4.7459731240009635, 5.586394315675889, 5.087940777183363, 4.589877275876018, 3.6148197375781255, 5.170894225080544, 4.839642428050495, 6.056585788621768, 5.18603050436598, 5.602954027128018, 5.407796526216014, 4.580884081431551, 5.544269340344817, 5.7475197270152085, 5.83756819971924, 7.182978823509049, 5.452352673360201, 5.145755808548828, 5.145824087872295, 5.146070012013076, 5.146096539077341, 5.144934790491882, 5.1465584977624825, 5.144365651254307, 5.14766761780435, 5.147817566532646, 5.148383523625296, 5.142601704088051, 5.149051176116564, 5.142012607467212, 5.141931935176305, 5.149609246344301, 5.149863107435478, 5.141185220650172, 5.140521769907152, 5.151344085823322, 5.152172066168404]"
36,"[4.191832502017552, 3.748128055906964, 5.60186870573546, 3.4881789440809277, 5.477031810270417, 3.5544304026533062, 4.561878914920158, 5.071808730351919, 4.998809777859535, 5.526102254371212, 5.863377639173134, 5.47394886582247, 5.1545994263589705, 4.68687251353123, 2.6263048132937836, 6.069587108525491, 5.174898310190805, 4.347030088138265, 4.489734752574348, 5.09394646973502, 6.744723564189181, 4.978870442604775, 4.512502110925806, 4.174936909872238, 5.896727691047815, 4.867999853039933, 5.2571952348077495, 4.969135161628723, 5.123600333883593, 4.612885651894498, 5.655586456273343, 5.1074413977394295, 5.034734991823582, 5.356533157159941, 7.89828427392902, 5.653544951417846, 4.831785549865277, 5.885344495175513, 5.039960939845344, 4.017042462749757, 5.750981162442977, 3.5380250765014236, 4.924291168668998, 5.382575555495562, 5.856407253027269, 4.978083799422301, 3.9061748299899977, 5.980189273997883, 5.667982869637712, 5.218645164936754, 5.415468327451356, 4.664148506248293, 5.081594802308443, 4.670163135076012, 4.579218301002823, 5.750532916092249, 5.866094197871466, 5.787155441443468, 4.105663920713081, 4.289797772388432, 5.515530972379217, 4.489128008421956, 4.7333351046314105, 3.46605074647366, 5.10150137284391, 5.819662728776025, 4.862638100245052, 4.435884133952921, 5.276159821364983, 5.713113371635554, 5.4873431744952725, 5.8368726082120155, 5.400771049780497, 4.737831417528094, 5.013702331924403, 5.319547234181682, 4.928247249487322, 5.211723818477721, 5.273880356886586, 3.909049488388207, 5.145755808548828, 5.145824087872295, 5.146070012013076, 5.146096539077341, 5.144934790491882, 5.1465584977624825, 5.144365651254307, 5.14766761780435, 5.147817566532646, 5.148383523625296, 5.142601704088051, 5.149051176116564, 5.142012607467212, 5.141931935176305, 5.149609246344301, 5.149863107435478, 5.141185220650172, 5.140521769907152, 5.151344085823322, 5.152172066168404]"
37,"[3.9596449877984314, 5.112492576629603, 4.655199612129124, 5.880029161031441, 4.849015063096842, 5.481690092351942, 5.8972816248912245, 5.165683434050424, 5.273702159152704, 5.498790002420203, 3.796648558300177, 6.307431460482367, 3.7504701906988083, 5.75543570965216, 5.717402126927856, 5.602380247834889, 6.140404023216975, 4.733958163447083, 4.641033117345757, 6.91235660339282, 5.539096599458279, 5.860357699000961, 4.8324530962791075, 5.091864067495415, 5.330180416591403, 5.299048208265882, 4.763440843320193, 5.827439117502889, 3.967373632107576, 4.414230288825664, 5.669037516695938, 4.78553666416906, 5.385238771731419, 6.36487284657119, 4.414165624249984, 5.062440394422856, 4.658112547573128, 3.995828335659086, 5.0950907666216905, 6.432918703158293, 6.7720974019822915, 5.616895998083957, 4.9128099656024435, 4.3597348072629165, 5.188951307578041, 5.5362280125593895, 4.273253301271377, 2.9689599431719715, 5.689564370635861, 6.431967330042505, 4.483632489066593, 4.647253859796145, 5.3630556579303414, 5.537395527689991, 4.657835001234753, 5.138042569156641, 4.328479492914614, 4.543375854596599, 5.725393322470705, 5.44041208131292, 5.080946333614659, 6.190982388340107, 3.5162394973551176, 5.740176198596463, 5.742806947477367, 4.765506283375114, 6.0848842158454355, 5.0706520402594535, 6.261099350198048, 3.721251933568501, 4.783882095532132, 2.9979875064157397, 5.182115418704929, 4.929746543075872, 5.586769754995501, 5.852435119696116, 5.376077619761118, 5.763295445862751, 5.290049173085568, 4.726571053762028, 5.145755808548828, 5.145824087872295, 5.146070012013076, 5.146096539077341, 5.144934790491882, 5.1465584977624825, 5.144365651254307, 5.14766761780435, 5.147817566532646, 5.148383523625296, 5.142601704088051, 5.149051176116564, 5.142012607467212, 5.141931935176305, 5.149609246344301, 5.149863107435478, 5.141185220650172, 5.140521769907152, 5.151344085823322, 5.152172066168404]"
38,"[4.476077471485676, 5.155709925106395, 4.885599838251776, 4.871630387059703, 4.753956783441716, 2.384950066088277, 5.976680342049795, 3.5069227537512084, 5.551340583918815, 5.722501180209246, 6.1801323192409265, 4.691070217658412, 4.952960462806298, 4.9596953014021095, 5.579129838835248, 5.189449064842466, 5.872650373002176, 5.26725467837924, 4.793167787595019, 5.010184384524786, 4.853371186470735, 5.352639000196725, 4.624534549229825, 4.984996274432264, 5.836657164848097, 4.182189133008704, 3.9608679571059304, 3.5447945538996306, 3.5083556973062846, 4.327561266096717, 5.729271417322639, 6.072196854810406, 5.450388970985204, 4.527448218107105, 5.1453407177970245, 5.810145291301735, 5.287268933020458, 3.7814166622322456, 5.283612761718027, 4.542001378004587, 4.578146527610927, 4.485564168856535, 6.1444506335313935, 5.697182190399487, 4.582630733196967, 7.205097973984819, 5.113330526777187, 4.916737625265393, 5.550696782430933, 5.229835861446859, 3.354841416766789, 5.116426109537919, 6.177103453488842, 5.12203320122718, 5.496589622098002, 5.719656957284293, 4.392432114676638, 5.240146063056747, 4.322648348457321, 4.8873238956157845, 4.8642905455775045, 4.385436127699123, 5.75858128055356, 4.2037065060492615, 5.204727209567201, 5.186079647999061, 6.567488319240196, 3.7932020516196054, 4.095502906540409, 6.109542986043656, 4.598520856836607, 4.671189277408644, 4.9122450576912975, 6.272165643121714, 4.8573420762201875, 4.16854150641492, 6.5150888944834975, 5.566735783029792, 4.601360060725574, 3.4048582422407367, 5.145755808548828, 5.145824087872295, 5.146070012013076, 5.146096539077341, 5.144934790491882, 5.1465584977624825, 5.144365651254307, 5.14766761780435, 5.147817566532646, 5.148383523625296, 5.142601704088051, 5.149051176116564, 5.142012607467212, 5.141931935176305, 5.149609246344301, 5.149863107435478, 5.141185220650172, 5.140521769907152, 5.151344085823322, 5.152172066168404]"
39,"[3.575120704729919, 5.957773507549368, 5.479091037965459, 4.573777622671492, 5.1288255675016465, 5.616844529907819, 5.5914540274575035, 5.778551991460339, 3.4871290418670133, 5.256759299625233, 3.7899964685584377, 4.906666975130619, 5.570633257177809, 4.076851415279352, 5.079833559898658, 4.850455717684045, 5.0217001992185555, 4.9652586952126585, 3.711190553519707, 5.476797669900047, 4.622776610952916, 5.298317322312268, 4.7679086717667545, 5.9045291542692695, 5.227713828971598, 4.333328198423151, 5.189696578540592, 5.1509497544427445, 3.018612163987502, 4.949953582580337, 5.950565557962538, 4.359895884704839, 6.895544134268366, 5.069965043722155, 4.831723000380235, 3.1832994436588873, 5.209247391283478, 5.343911795824548, 5.8048333760454796, 4.582164698146428, 5.334094116700191, 5.166339715815772, 4.30909956003819, 5.755232238245989, 5.134011731693514, 4.7976103728245825, 5.896533932891031, 5.536005925764683, 5.269054511064031, 4.614144945294161, 6.021836620882314, 6.41177750077319, 5.56282725863873, 5.208110024913604, 3.480595770366766, 4.183536899636923, 5.062580096559506, 4.531874829352251, 5.085204337486412, 4.49570328841271, 4.836230149121444, 4.89871823534877, 5.606543049838359, 3.1841300410036233, 4.929546529848203, 6.009538630754237, 5.612496962159701, 5.0150736290425675, 3.378175516975039, 4.285057201308376, 4.560695006357836, 5.689608809575287, 5.838561539585083, 6.962314674478816, 5.631050343713792, 4.702321648493095, 5.494649347159068, 4.544999478557253, 5.136006772573584, 5.9704088031387865, 5.145755808548828, 5.145824087872295, 5.146070012013076, 5.146096539077341, 5.1453407177970245, 5.144934790491882, 5.1465584977624825, 5.144365651254307, 5.14766761780435, 5.147817566532646, 5.148383523625296, 5.142601704088051, 5.149051176116564, 5.142012607467212, 5.141931935176305, 5.149609246344301, 5.149863107435478, 5.141185220650172, 5.140521769907152, 5.151344085823322]"
40,"[3.822162316651544, 6.2052699953224435, 4.900832342502904, 4.264484965311604, 5.8265093598506645, 5.301320280611948, 6.281206463274824, 5.446233759173337, 4.110924554632589, 5.4828640536149305, 5.255032341197201, 5.953284100208311, 5.1976066813738875, 4.19813283417901, 4.487876829890637, 5.458510484327526, 6.368853414314028, 3.5445920632254406, 3.8283717922599507, 4.479008647793295, 6.035726889757209, 5.61520838052684, 5.530907274645648, 4.325325907487567, 4.726883565163049, 5.286353924191538, 4.934898077898943, 4.568663106012549, 3.611820904222284, 2.9887605714500634, 5.412070493123881, 4.770234171115319, 5.295950448729338, 3.150299892775128, 4.600410211585212, 5.228708204837577, 5.788890336239083, 5.401578615778343, 6.707800620148667, 5.00692765686481, 5.39124357393159, 6.224486203499088, 5.409218772158081, 5.530890371436509, 4.968315037642407, 5.334833323021682, 5.893378871396828, 4.870038457485023, 4.2320474195022015, 5.053108084302416, 5.607728060508115, 4.533195076710269, 4.591269266333018, 5.296254740955169, 4.739308359065426, 5.688834253365848, 5.640058871698342, 4.658690930197542, 5.656096241458779, 6.030865452255478, 4.71064330268102, 4.281209673302155, 4.903677142476136, 4.821381078508191, 5.097641715496855, 4.640361556173099, 4.648623944845846, 4.667972643623035, 5.193250725950557, 5.196251502275318, 4.1059058945599665, 6.777715149867216, 4.714091602185965, 4.97736830078594, 4.893910811828314, 4.493134184992426, 7.152613182674024, 4.577131154017192, 4.745590766448381, 5.756148601390796, 5.145755808548828, 5.145824087872295, 5.146070012013076, 5.146096539077341, 5.1453407177970245, 5.144934790491882, 5.1465584977624825, 5.144365651254307, 5.14766761780435, 5.147817566532646, 5.148383523625296, 5.142601704088051, 5.149051176116564, 5.142012607467212, 5.141931935176305, 5.149609246344301, 5.149863107435478, 5.141185220650172, 5.140521769907152, 5.1509497544427445]"
41,"[5.275999152968106, 5.180549553246681, 5.131400271988259, 2.982989656029562, 2.4364070879322584, 5.9019285947057165, 1.5527708815329202, 4.193062452875692, 6.4790288188873815, 4.72171411023428, 4.669886941958692, 5.274960547034071, 5.208211702042108, 4.766858151765755, 7.024952102812393, 4.41128799859505, 5.079700388865786, 5.681234531920326, 5.12764579545432, 4.901329646782538, 6.286504113418493, 3.8333799910654247, 5.374054981755956, 5.3103156757156595, 5.367562167350629, 4.4203471313513, 4.243618639416687, 6.326249065042154, 4.751614315488506, 6.113088036572855, 4.615726796293483, 5.12114077173916, 6.772458199554482, 6.402578750577454, 5.192971181563124, 6.005343456419597, 4.693449639429147, 4.582006926783143, 4.387935200619171, 4.630994717458433, 4.739607158144173, 6.46022635001562, 4.787933830781874, 5.351501171426319, 5.056178468899102, 3.2873461427114035, 5.906534260605188, 4.995743878987979, 5.653268722620217, 3.2524303383360635, 5.381683341013683, 5.4729051650679, 4.673631038590277, 5.187848935911468, 4.907898384136181, 5.461809185912787, 5.190026647917124, 6.160366862093898, 4.485330637920209, 6.224178176412099, 4.483317986668442, 5.244640865488713, 4.832952835442833, 4.165983315979002, 4.941374765738166, 4.919360188471702, 4.8592632355284975, 3.7883409737721854, 5.224305097794159, 5.757437042117322, 4.672880791586763, 6.058021501572563, 5.8307171014945, 3.3874489333378737, 5.336155954438588, 5.05307327525308, 5.118640605469481, 4.172451371317515, 5.39923197299319, 5.052137415343379, 5.145755808548828, 5.145824087872295, 5.146070012013076, 5.146096539077341, 5.1453407177970245, 5.144934790491882, 5.1465584977624825, 5.144365651254307, 5.14766761780435, 5.147817566532646, 5.148383523625296, 5.142601704088051, 5.149051176116564, 5.142012607467212, 5.141931935176305, 5.149609246344301, 5.149863107435478, 5.141185220650172, 5.140521769907152, 5.1509497544427445]"
42,"[4.519770555114537, 4.959634712907411, 4.725404719773474, 4.626486902290323, 4.576803867670195, 5.581560200024884, 4.188210817202572, 4.610153455827099, 5.076709013272559, 5.3853845072752495, 5.464722454517932, 5.087387319697926, 5.39473062265164, 5.899591036649605, 4.179441432707563, 5.056557109268008, 4.987762603631632, 5.668149174549561, 5.204683991457294, 7.024396299103673, 4.122606146574158, 5.319837769410167, 3.8081863210640705, 4.881567805114235, 5.145393762307641, 5.153394364314457, 5.162815969464701, 6.658374162332423, 4.90354965347812, 4.514446580792235, 4.562601164298136, 5.318095944953355, 4.698447347408141, 5.043512233722327, 5.956524565001103, 6.103401886673886, 5.476004390818662, 4.8153741918194735, 5.094239440069217, 3.8530450214302965, 6.73476506385739, 5.077139863454583, 2.189658629823253, 5.069628642371443, 4.723415168725044, 5.027015645199051, 5.319287704076622, 5.209218365859909, 5.055281307954928, 3.039886459549481, 5.120227213501995, 5.00315769332605, 3.0616874694739193, 5.944967370917987, 6.200779500559035, 5.577415500719214, 5.34494851435062, 4.835155055735334, 4.275014369545344, 5.437253357805002, 4.6126730662532855, 5.694637940470749, 5.563746550641344, 5.36717919144674, 4.139834174183272, 5.980092399222264, 4.704411096778928, 3.9634393184633288, 3.674505789245656, 5.608074085531149, 1.312779550402794, 3.288280063677565, 5.206898790987774, 5.084052975598516, 6.85783008968862, 4.728095212179047, 5.70243405118563, 5.987983659084089, 4.304906106940705, 4.522131523604814, 5.145755808548828, 5.145824087872295, 5.146070012013076, 5.146096539077341, 5.1453407177970245, 5.144934790491882, 5.1465584977624825, 5.144365651254307, 5.14766761780435, 5.147817566532646, 5.148383523625296, 5.142601704088051, 5.149051176116564, 5.142012607467212, 5.141931935176305, 5.149609246344301, 5.149863107435478, 5.141185220650172, 5.140521769907152, 5.1509497544427445]"
43,"[5.327024925425216, 5.3140620139138806, 5.254049015886791, 6.365533431338121, 6.605508524114868, 5.123766445666733, 6.601813725147724, 4.836317462030278, 5.153653016403253, 4.177290080962421, 5.600271879851756, 6.018551928417021, 5.660556058431366, 4.368153983301197, 4.941258544016314, 4.084216267808784, 6.304745424639634, 4.663875723533336, 5.2129946981611, 5.172585146085101, 6.041325336602164, 4.1588302311937015, 5.542762975525773, 5.914273032608318, 3.902209105041251, 5.239379680655542, 4.667302825766558, 4.981131728975445, 4.8693257965488685, 5.5012515224950915, 5.138987192453346, 4.506686299503299, 3.4481172831865248, 7.5358557539217, 5.299782350302734, 5.053521723331141, 5.610983696294933, 4.455015942404776, 5.406815434410156, 5.740477829116199, 5.248000812454759, 5.837273651613377, 5.037875513040351, 5.449347673069402, 3.0606393320171437, 4.63406456018343, 5.835534751990997, 3.9396751416475793, 6.091437877942249, 4.614789583999867, 5.663131876298562, 4.956524284260654, 5.824548065252683, 4.918398822624475, 4.651342223907648, 4.963456537316017, 6.283092655777384, 4.5028009568084935, 5.149223842836718, 5.180616287279528, 6.325682004403284, 4.777450879996775, 5.40452176033216, 5.406702404485982, 5.188918526076421, 3.459946263511159, 5.58980261060485, 5.4416978191351415, 4.135158831772623, 5.330901300078219, 5.130283586496614, 5.819555331893504, 5.055058426587467, 4.440087415239854, 5.251619422299502, 5.075853545828426, 5.381518831540923, 5.22746225766595, 6.6962204789487, 5.3994597585441415, 5.145755808548828, 5.145824087872295, 5.146070012013076, 5.145393762307641, 5.146096539077341, 5.1453407177970245, 5.144934790491882, 5.1465584977624825, 5.144365651254307, 5.14766761780435, 5.147817566532646, 5.148383523625296, 5.142601704088051, 5.149051176116564, 5.142012607467212, 5.141931935176305, 5.149609246344301, 5.149863107435478, 5.141185220650172, 5.140521769907152]"
44,"[4.927020019731822, 4.693302823770368, 5.444337319320463, 1.8629340708322073, 5.225530846868616, 4.738879423329786, 4.8948028282375144, 4.612435995980503, 4.601579300045511, 4.523455627666467, 5.330977324227138, 5.004796723079105, 4.651663346432675, 5.444577388965233, 5.052856791435796, 3.4854975275932736, 5.444386827015728, 4.795278127464553, 4.8191485112007655, 5.461654404286755, 5.552488142811276, 4.726519454532806, 5.312407571067736, 5.502096219712868, 6.782070955997954, 5.183041235528672, 6.051804939532971, 5.037731096882501, 4.503057113126478, 5.495622805153741, 4.762837263284025, 5.233210506310793, 3.4922575424487157, 5.380437367294902, 5.592117045365793, 5.452910444107911, 4.659415976498169, 3.699815405602073, 4.1193627819795156, 5.297964073621355, 4.7356190978590185, 5.958057642747633, 6.202007483727325, 5.65066653725777, 4.746804866469614, 5.023837096372727, 5.536627887003229, 5.729157776238667, 5.153598553924701, 6.073053759796251, 5.528777454684823, 4.991403149615146, 4.895215265368796, 5.4470193450827065, 4.634347718183265, 3.5324564367482822, 4.20912834406216, 5.58655089906701, 4.539131184781679, 5.248901878291705, 4.968703797036314, 5.12237223473903, 5.034528380735989, 5.336732844116575, 1.4328941054982045, 5.296467353215657, 5.402209118832797, 6.038651817743809, 5.304035901784796, 4.951008750435317, 4.962401453015941, 4.803568074572217, 5.0608635827618835, 5.753327549409478, 4.321032772836127, 4.513445905333574, 4.5982835323482325, 4.551645933555838, 5.294505749877201, 6.020649851509056, 5.145755808548828, 5.145824087872295, 5.146070012013076, 5.145393762307641, 5.146096539077341, 5.1453407177970245, 5.144934790491882, 5.1465584977624825, 5.144365651254307, 5.14766761780435, 5.147817566532646, 5.148383523625296, 5.142601704088051, 5.149051176116564, 5.149223842836718, 5.142012607467212, 5.141931935176305, 5.149609246344301, 5.149863107435478, 5.141185220650172]"
45,"[5.328961703851771, 5.639450829870648, 5.805136450330577, 4.882516557922436, 5.2444405018949425, 5.60840076668953, 5.071187553500524, 4.9606488655094285, 5.785109454531644, 5.157320890241928, 5.179864897418816, 5.076113012854002, 5.512830896768752, 5.269424106862927, 5.204740117972765, 4.441485496224036, 3.8554188124876423, 4.140827861951553, 5.564148719049731, 5.007394305456759, 5.254128583444333, 6.439596217728639, 6.469239500581317, 3.1374055822615468, 3.6750733222552343, 5.416068650793266, 5.031226161418741, 5.785962920247713, 5.888735600978604, 3.956922578941569, 4.673583526416903, 4.8020831513164985, 4.014359875934706, 5.373812773450635, 4.405699569683549, 4.880373535521322, 5.888692800356756, 5.211669941901568, 4.857104334322323, 5.380187486125481, 4.860907915753277, 5.618126512116966, 5.657412383750595, 5.46821067016575, 3.4525110453396284, 5.600014575343502, 5.624149152770909, 4.7361684586690584, 3.3036663278486698, 4.871715313785227, 4.971048972177549, 5.243044431845699, 5.6880453880913855, 4.360489355912547, 4.880268541400798, 4.896800824502633, 4.93427826623533, 5.597959442903454, 5.470144948175333, 4.90902153152784, 5.600330957216083, 5.516398974991866, 4.696680329934849, 5.0515011960526515, 5.183153193182871, 5.156559581543135, 4.621775317376435, 4.774612470120232, 6.6318886673750965, 5.06320845517934, 5.188839875850938, 5.266151753895964, 5.685828898229838, 5.548472020640621, 5.786841552398612, 4.91277153410042, 5.722780815337693, 5.58715281665595, 4.976028731108096, 5.07732624325041, 5.145755808548828, 5.145824087872295, 5.146070012013076, 5.145393762307641, 5.146096539077341, 5.1453407177970245, 5.144934790491882, 5.1465584977624825, 5.144365651254307, 5.14766761780435, 5.147817566532646, 5.148383523625296, 5.142601704088051, 5.149051176116564, 5.149223842836718, 5.142012607467212, 5.141931935176305, 5.149609246344301, 5.149863107435478, 5.141185220650172]"
46,"[5.04205984658784, 6.498719512349389, 5.966166296903375, 7.011463921625555, 4.302814227709748, 4.07247592833164, 6.6747227575835, 4.661847827506742, 4.896746654218962, 5.256462278323095, 5.163294998959918, 5.1913649754163655, 5.195544608896407, 5.7217883161881264, 6.550581130885248, 5.295089184775215, 5.837338370304444, 4.9573207769812715, 5.523158676982985, 3.886695546479369, 4.977497958288351, 4.533686166087325, 5.339602983850899, 5.03379675938849, 4.177242963577046, 4.381402592066127, 5.044034738998743, 5.871221668500645, 6.358467283989542, 4.287476730312935, 5.204945503139146, 3.2816584623428153, 4.204941068012062, 5.706067527820462, 4.997940199527326, 5.187010538612749, 6.160067569241164, 5.317180772942561, 5.240150751346157, 4.959863707471815, 4.797472443992806, 5.678759837932029, 5.4920607632428196, 5.101126548696896, 5.154709394656586, 4.190427629025532, 5.23448157663536, 4.337858116822016, 4.550351855359659, 4.994852976750693, 5.186133138183722, 5.354131444288969, 5.295473801058766, 5.433352315065358, 4.9000693345380135, 5.359889259523989, 4.942739002196203, 4.897693805568558, 5.68410060860783, 5.181571201763444, 5.034408662233876, 4.8405232653415045, 4.708657122871264, 5.276614553679092, 4.41912018080053, 5.310592173708599, 5.634008895631412, 4.40860067902366, 5.000022417746961, 6.3477344734044, 4.918892159037098, 5.132285486240041, 5.5752616945654765, 5.284404290777372, 3.821195282145559, 5.526046464629753, 5.034078422946575, 4.8262240422248155, 6.409312218119183, 5.719928619573837, 5.145755808548828, 5.145824087872295, 5.146070012013076, 5.145393762307641, 5.146096539077341, 5.1453407177970245, 5.144934790491882, 5.1465584977624825, 5.144365651254307, 5.14766761780435, 5.147817566532646, 5.148383523625296, 5.142601704088051, 5.149051176116564, 5.149223842836718, 5.142012607467212, 5.141931935176305, 5.149609246344301, 5.149863107435478, 5.141185220650172]"
47,"[7.620898968314185, 5.242480340393057, 4.8306677850978, 3.5101964797448066, 5.457811211414292, 2.799385759669713, 4.7531807459515845, 5.085896954358393, 5.078809671643725, 6.520816026624212, 5.693409914772731, 2.9578936567169434, 5.301346416459803, 6.056739202450533, 4.414864306741189, 4.750219810553759, 5.24433994185158, 5.019931722418115, 5.329245174173462, 4.862504900259034, 5.397450257563496, 4.890611404601639, 6.968250292798514, 4.9408892563990445, 4.699369229658877, 3.377372754204749, 5.21206687738869, 4.748649750497369, 5.938060217937951, 4.752987487890504, 5.6002820236525555, 6.755575819804887, 5.033434509871143, 6.082701637035857, 5.660307094864043, 4.521731703548669, 5.282208722349393, 4.2664179416498, 4.028749512108474, 4.6704496869898, 5.2247610667674405, 4.837862170634255, 5.374810705219733, 4.714952718445088, 4.188117639590285, 4.144679987841189, 4.081466504208673, 4.832650452342554, 5.772965145379551, 5.0846788200328685, 4.965654915939077, 4.56266892819402, 6.3099478535237665, 5.295456142825664, 4.786317870974358, 4.431100952453804, 5.411825039304866, 4.993415558294149, 5.512767966836777, 3.101042107867696, 4.242608223735391, 5.0561131907209695, 5.055407678284368, 5.347874497964363, 5.386583828321273, 5.584532280841436, 5.123746855494952, 4.4980529128679, 5.07689672612686, 4.881446835709943, 5.120150494374392, 5.9827035920909815, 4.328900936034266, 5.128075910288226, 5.550500747569854, 5.765290230395005, 4.735058990143861, 5.7814080081588415, 4.749287675543803, 5.376495836957135, 5.145755808548828, 5.145824087872295, 5.146070012013076, 5.145393762307641, 5.146096539077341, 5.1453407177970245, 5.144934790491882, 5.1465584977624825, 5.144365651254307, 5.14766761780435, 5.147817566532646, 5.148383523625296, 5.142601704088051, 5.149051176116564, 5.149223842836718, 5.142012607467212, 5.141931935176305, 5.149609246344301, 5.149863107435478, 5.141185220650172]"
48,"[4.932215282794866, 5.694521079791874, 4.908501466785434, 5.577563010485865, 4.749703955537864, 5.883153315470921, 3.109631638942589, 3.1590204439321354, 4.714234729469906, 4.968374817577405, 3.804028749643046, 5.138760086657806, 5.540726363664502, 4.773501528737089, 4.2658463081614855, 5.230967763944468, 5.792137744501922, 5.404578360574501, 5.61757521400386, 4.853821378998745, 6.726612228499995, 5.119199945937379, 5.607600911618551, 4.359542288434775, 5.411237562590631, 4.77175714984156, 4.776498091935333, 5.0747398001830915, 5.622020299390873, 3.6322523659688235, 5.437892468205055, 7.430541927575061, 5.967854795414636, 5.16889125286912, 4.7059121845062695, 4.451307770633569, 5.447850613510832, 5.0962409045149535, 4.711729726350645, 4.8792208554795025, 4.176458818626399, 5.266757143389499, 5.753664929118582, 4.374952692565038, 4.81395150637541, 5.079371451683338, 4.716507061210099, 5.6401229959909145, 5.360011239722254, 5.226387816832606, 5.139108030446588, 3.8651827386955797, 5.10933369584566, 4.320368550460762, 5.222605212884594, 5.300625871507876, 4.515682441281876, 5.249222407973993, 5.312754430314141, 5.571360128640074, 3.5912342060209497, 4.206353259509716, 5.063323306485141, 5.122910045336797, 2.6912802698502745, 5.085497484390081, 5.412765980624874, 4.348843231656803, 6.2092347947730495, 5.690992427005069, 2.3926676060927417, 4.872033355751159, 3.933646063947428, 3.9406989789553735, 4.69780712499939, 3.2256652316564, 6.549217523859037, 5.950751726540701, 5.299740119577937, 5.2157105440418565, 5.145755808548828, 5.145824087872295, 5.146070012013076, 5.145393762307641, 5.146096539077341, 5.1453407177970245, 5.144934790491882, 5.1465584977624825, 5.144365651254307, 5.14766761780435, 5.147817566532646, 5.148383523625296, 5.142601704088051, 5.149051176116564, 5.149223842836718, 5.142012607467212, 5.141931935176305, 5.149609246344301, 5.149863107435478, 5.141185220650172]"
49,"[4.418174643904145, 5.666571674184018, 5.205871725380252, 5.3298113252637895, 4.9896178008953065, 6.0094402267961105, 3.5638558188414495, 4.950732859625397, 5.6112067427927546, 5.128466378091576, 5.303534763790216, 4.772281638879806, 5.720872501124719, 4.716444888970484, 3.748572489681309, 5.104410448903738, 6.222092938935947, 7.293529136922757, 5.195030866288834, 4.617855561088101, 6.359165622739501, 5.412903154272697, 4.465413401220471, 4.655438223290924, 5.40930192001557, 5.247850921274316, 5.28405739539421, 5.1798126977436985, 5.279453382325889, 4.889286906868121, 5.083886210195507, 4.911371885059184, 5.6775632643989855, 5.081894077157763, 5.892823020785519, 5.720419148891814, 5.802089283906061, 5.4043122787674935, 4.835318517306931, 4.6742611371040494, 5.536899168777892, 4.210096017404711, 5.470833439828368, 3.189758914212123, 4.95217090774549, 4.780056695244583, 5.193298616214191, 5.559189745559036, 5.930927169376598, 5.551180637613479, 5.235211640699221, 6.074074277068986, 6.763570038556076, 5.027945347461653, 4.932488953728578, 4.861030259435063, 3.565090609539722, 5.0733063080070995, 5.515778061383928, 4.99793273912272, 4.382912115005288, 3.996179174520608, 4.759182583828675, 4.517516953285909, 4.737360895825414, 4.806320884990562, 5.905324444677783, 6.10357464190975, 6.324110511282858, 5.21183761101175, 5.449796947126915, 5.272934510690245, 5.41205026782908, 5.1004711221748416, 5.28572411397653, 5.593183511350295, 1.9199836343648606, 4.60143462080078, 4.626340191290265, 4.478036551066697, 5.145755808548828, 5.145824087872295, 5.146070012013076, 5.145393762307641, 5.146096539077341, 5.1453407177970245, 5.144934790491882, 5.1465584977624825, 5.144365651254307, 5.14766761780435, 5.147817566532646, 5.148383523625296, 5.142601704088051, 5.149051176116564, 5.149223842836718, 5.142012607467212, 5.141931935176305, 5.149609246344301, 5.149863107435478, 5.141185220650172]"
50,"[6.141731985240785, 4.148686267704895, 5.305889438449701, 5.174417510146625, 3.871052972171595, 4.890478883492321, 5.255334444578883, 4.741334045365282, 3.814596981553433, 6.182694041897724, 4.887529202145132, 4.7464919276008395, 6.041730436754142, 5.065470237380733, 4.953043359385104, 5.876342748471204, 5.205448424174369, 5.837362769671077, 4.759260122356521, 5.812397324289772, 5.745592309741959, 5.923160022345624, 4.863534425350935, 6.0273578035901405, 5.942852251106291, 4.435755937724332, 5.455686577457161, 4.92950586059369, 3.764833566115273, 5.715383738013395, 4.913881116471587, 5.919999253374571, 5.950094732318442, 5.046925250078102, 5.194831707882878, 4.6997614243265975, 5.097961206985072, 5.092491593179778, 5.0572030185452705, 6.537898578474856, 5.2209459190077645, 4.87182305117723, 4.4828839767281305, 4.738724183711128, 5.080425232576024, 6.150041797108289, 5.1639196782735866, 5.72966675486534, 5.286036907583006, 5.327662468899694, 3.9168303650907568, 4.2073423927358995, 4.874663011814509, 5.2606914671232, 4.969466568296298, 4.989431676180538, 5.147509201592544, 5.933045058912035, 5.301734114759965, 5.538906516173977, 4.214626264281332, 4.734085654954523, 4.6822265012980555, 4.6606202574700735, 4.774717529114293, 5.0509494088735805, 5.507088000947736, 5.283741694452354, 5.164595520768779, 4.878201275472801, 4.534437087070387, 5.3770350774373705, 4.046497101068965, 5.105580685871944, 4.719802932960588, 3.284810751068976, 5.800603539275947, 5.574241983607026, 4.752678090820844, 5.721497236480364, 5.145755808548828, 5.145824087872295, 5.146070012013076, 5.145393762307641, 5.146096539077341, 5.1453407177970245, 5.144934790491882, 5.1465584977624825, 5.144365651254307, 5.14766761780435, 5.147817566532646, 5.148383523625296, 5.142601704088051, 5.149051176116564, 5.149223842836718, 5.142012607467212, 5.141931935176305, 5.149609246344301, 5.149863107435478, 5.141185220650172]"
